C1,C2,C3
48.400001525878906,1912.199951171875,27.284000396728516
47.380001068115234,1941.699951171875,27.570999145507812
50.529998779296875,1922.5999755859375,27.200000762939453
50.93000030517578,1908.0,24.582000732421875
52.58000183105469,1826.5,25.520000457763672
52.18000030517578,1849.0,25.139999389648438
53.310001373291016,1858.0,25.545000076293945
52.84000015258789,1836.699951171875,25.746000289916992
53.79999923706055,1829.4000244140625,25.43000030517578
52.0,1802.0,24.915000915527344
53.130001068115234,1847.800048828125,25.424999237060547
52.93000030517578,1865.300048828125,25.82200050354004
53.099998474121094,1854.9000244140625,25.52400016784668
52.16999816894531,1864.699951171875,25.454999923706055
52.90999984741211,1855.800048828125,25.52899932861328
52.7599983215332,1844.9000244140625,25.375999450683594
52.650001525878906,1843.4000244140625,25.084999084472656
52.150001525878906,1842.0,26.639999389648438
51.9900016784668,1866.5999755859375,28.360000610351562
53.47999954223633,1859.5999755859375,28.645000457763672
55.04999923706055,1834.800048828125,26.940000534057617
55.959999084472656,1832.199951171875,26.674999237060547
56.459999084472656,1794.300048828125,26.43000030517578
57.060001373291016,1816.300048828125,27.280000686645508
58.11000061035156,1841.9000244140625,27.424999237060547
58.45000076293945,1842.5999755859375,27.104999542236328
58.400001525878906,1840.5,27.170000076293945
57.939998626708984,1825.0,27.322999954223633
59.97999954223633,1820.9000244140625,27.510000228881836
60.2400016784668,1785.800048828125,27.31399917602539
61.68000030517578,1776.0999755859375,27.125
60.20000076293945,1764.300048828125,27.5049991607666
58.880001068115234,1784.0,28.08300018310547
62.15999984741211,1809.5999755859375,27.68600082397461
61.290000915527344,1805.800048828125,27.85700035095215
63.38999938964844,1801.5,28.030000686645508
63.459999084472656,1768.0999755859375,27.454999923706055
61.95000076293945,1737.0999755859375,26.690000534057617
60.22999954223633,1709.4000244140625,26.385000228881836
59.54999923706055,1730.0,26.80500030517578
61.08000183105469,1706.5,26.1200008392334
64.16000366210938,1690.5999755859375,25.344999313354492
66.68000030517578,1704.699951171875,25.520000457763672
64.7300033569336,1686.199951171875,25.225000381469727
63.84000015258789,1713.5999755859375,26.010000228881836
64.69999694824219,1725.5999755859375,26.149999618530273
65.95999908447266,1715.9000244140625,26.145000457763672
65.55999755859375,1729.5,26.200000762939453
65.33000183105469,1732.300048828125,26.1299991607666
64.75,1735.300048828125,25.80500030517578
64.41999816894531,1745.800048828125,26.434999465942383
59.560001373291016,1742.199951171875,26.05500030517578
61.54999923706055,1737.800048828125,25.954999923706055
61.279998779296875,1724.699951171875,25.614999771118164
57.400001525878906,1727.5,25.25
60.79999923706055,1732.699951171875,25.149999618530273
58.47999954223633,1721.300048828125,25.184999465942383
60.93000030517578,1712.0999755859375,24.854999542236328
61.959999084472656,1711.0,24.700000762939453
60.45000076293945,1683.699951171875,24.31999969482422
59.4900016784668,1706.800048828125,24.350000381469727
58.79999923706055,1726.9000244140625,25.049999237060547
59.2599983215332,1742.699951171875,25.065000534057617
59.52000045776367,1736.0,25.569000244140625
59.7599983215332,1750.800048828125,25.31100082397461
59.349998474121094,1740.800048828125,25.145000457763672
59.63999938964844,1733.800048828125,25.41699981689453
60.439998626708984,1741.300048828125,25.514999389648438
62.83000183105469,1740.0999755859375,25.95599937438965
63.31999969482422,1770.4000244140625,26.099000930786133
62.97999954223633,1782.0999755859375,26.204999923706055
63.470001220703125,1769.300048828125,25.854999542236328
62.38999938964844,1783.0,26.524999618530273
61.11000061035156,1794.199951171875,26.34000015258789
61.650001525878906,1786.0999755859375,26.239999771118164
62.060001373291016,1778.0,26.059999465942383
61.970001220703125,1780.0,26.41200065612793
63.040000915527344,1768.199951171875,26.08099937438965
63.70000076293945,1781.0,26.280000686645508
64.87999725341797,1771.800048828125,26.155000686645508
63.63999938964844,1788.5,25.875
64.52999877929688,1788.199951171875,27.030000686645508
66.44999694824219,1781.5,26.55500030517578
65.2699966430664,1788.9000244140625,26.559999465942383
64.9000015258789,1842.9000244140625,27.635000228881836
65.56999969482422,1835.5999755859375,27.709999084472656
64.9000015258789,1837.199951171875,27.28499984741211
65.45999908447266,1825.199951171875,27.459999084472656
63.83000183105469,1824.5,27.030000686645508
65.5,1849.9000244140625,28.260000228881836
66.33000183105469,1870.5,28.6299991607666
65.27999877929688,1866.4000244140625,27.809999465942383
63.38999938964844,1865.5,27.920000076293945
61.88999938964844,1872.0999755859375,28.079999923706055
66.0199966430664,1882.5,27.75
66.04000091552734,1901.300048828125,27.85300064086914
66.16000366210938,1896.800048828125,27.7549991607666
66.94999694824219,1897.5,27.7450008392334
66.68000030517578,1905.0999755859375,28.0049991607666
67.98999786376953,1899.199951171875,27.93000030517578
68.76000213623047,1908.800048828125,27.190000534057617
68.91000366210938,1869.300048828125,27.878999710083008
69.5199966430664,1890.5,27.614999771118164
69.29000091552734,1896.5,28.010000228881836
70.01000213623047,1894.9000244140625,27.69499969482422
69.76000213623047,1887.699951171875,27.899999618530273
70.0999984741211,1900.9000244140625,28.114999771118164
70.6500015258789,1866.199951171875,27.895000457763672
71.16000366210938,1866.4000244140625,27.985000610351562
72.44999694824219,1859.4000244140625,27.799999237060547
71.6500015258789,1811.800048828125,25.8439998626709
71.0999984741211,1775.699951171875,26.424999237060547
71.5199966430664,1768.800048828125,26.014999389648438
73.41000366210938,1783.4000244140625,25.847999572753906
72.91000366210938,1780.699951171875,26.107999801635742
73.27999877929688,1778.9000244140625,26.047000885009766
73.98999786376953,1779.5999755859375,26.218000411987305
72.77999877929688,1776.800048828125,26.200000762939453
73.47000122070312,1761.0999755859375,25.84000015258789
73.5,1775.699951171875,26.21500015258789
75.0199966430664,1778.699951171875,26.110000610351562
75.3499984741211,1786.699951171875,26.725000381469727
73.8499984741211,1798.699951171875,26.200000762939453
72.16999816894531,1797.0,26.15999984741211
73.26000213623047,1803.5999755859375,25.96500015258789
74.73999786376953,1802.5999755859375,26.184999465942383
74.18000030517578,1808.0999755859375,26.204999923706055
75.16999816894531,1813.0999755859375,26.100000381469727
72.95999908447266,1831.5999755859375,26.420000076293945
71.4800033569336,1830.0999755859375,26.43000030517578
71.48999786376953,1803.300048828125,25.610000610351562
66.5999984741211,1812.9000244140625,25.19499969482422
66.44999694824219,1807.0,25.155000686645508
70.22000122070312,1793.5999755859375,25.2450008392334
71.70999908447266,1800.0,25.43000030517578
72.18000030517578,1802.5,25.295000076293945
72.22000122070312,1803.699951171875,25.200000762939453
71.9000015258789,1799.5,24.735000610351562
72.4000015258789,1806.5999755859375,25.040000915527344
73.41000366210938,1828.0,25.545000076293945
73.91000366210938,1812.4000244140625,25.450000762939453
71.5199966430664,1812.300048828125,25.389999389648438
70.31999969482422,1809.300048828125,25.610000610351562
68.05999755859375,1810.800048828125,25.520000457763672
69.13999938964844,1799.800048828125,24.489999771118164
67.87999725341797,1753.5,23.2549991607666
66.8499984741211,1728.5999755859375,23.485000610351562
68.51000213623047,1727.300048828125,23.474000930786133
69.36000061035156,1749.699951171875,23.104999542236328
68.91000366210938,1758.300048828125,23.350000381469727
68.12999725341797,1776.9000244140625,23.780000686645508
67.43000030517578,1787.699951171875,23.648000717163086
66.58000183105469,1787.800048828125,23.280000686645508
64.58000183105469,1780.0,23.219999313354492
64.05000305175781,1784.0999755859375,23.104999542236328
61.959999084472656,1776.800048828125,23.149999618530273
65.54000091552734,1801.0,23.889999389648438
67.62999725341797,1792.0,23.834999084472656
68.0,1787.4000244140625,23.545000076293945
67.75,1803.4000244140625,23.729999542236328
69.30000305175781,1818.199951171875,24.045000076293945
69.18000030517578,1815.9000244140625,24.059999465942383
68.55000305175781,1813.5,23.850000381469727
68.29000091552734,1813.199951171875,24.15999984741211
69.76000213623047,1820.9000244140625,23.905000686645508
69.11000061035156,1825.699951171875,24.809999465942383
68.37000274658203,1781.699951171875,24.354999542236328
69.36000061035156,1798.699951171875,23.954999923706055
67.97000122070312,1789.5999755859375,24.135000228881836
69.73999786376953,1789.800048828125,23.690000534057617
70.63999938964844,1791.4000244140625,23.65999984741211
70.76000213623047,1803.699951171875,23.799999237060547
72.6500015258789,1792.9000244140625,23.514999389648438
72.62000274658203,1758.800048828125,22.889999389648438
71.91999816894531,1751.800048828125,22.375
70.58999633789062,1762.199951171875,22.524999618530273
70.8499984741211,1776.699951171875,22.799999237060547
71.97000122070312,1766.800048828125,22.649999618530273
73.23999786376953,1749.699951171875,22.584999084472656
74.19000244140625,1751.699951171875,22.604999542236328
75.43000030517578,1739.5999755859375,22.174999237060547
74.37999725341797,1732.4000244140625,22.43000030517578
74.77999877929688,1725.5,22.03499984741211
75.12000274658203,1754.300048828125,22.510000228881836
75.9000015258789,1764.5,22.618000030517578
77.58000183105469,1764.300048828125,22.582000732421875
79.04000091552734,1759.300048828125,22.475000381469727
77.0,1762.4000244140625,22.631999969482422
78.86000061035156,1757.0,22.56999969482422
79.58999633789062,1756.5999755859375,22.639999389648438
80.5,1751.9000244140625,22.56999969482422
80.58000183105469,1760.800048828125,23.14900016784668
80.58999633789062,1792.199951171875,23.459999084472656
81.4800033569336,1794.5,23.327999114990234
82.5999984741211,1761.5999755859375,23.280000686645508
82.37000274658203,1777.5999755859375,24.06999969482422
83.33999633789062,1774.5999755859375,24.423999786376953
83.58000183105469,1782.0,24.479999542236328
82.61000061035156,1787.0999755859375,24.429000854492188
83.9800033569336,1794.300048828125,24.575000762939453
83.72000122070312,1808.800048828125,24.086000442504883
84.38999938964844,1791.5,24.15999984741211
82.25,1795.5,24.209999084472656
83.08999633789062,1793.0999755859375,23.799999237060547
83.36000061035156,1787.5,24.0
83.87000274658203,1790.5,23.5
83.06999969482422,1768.0,23.56999969482422
80.18000030517578,1776.5999755859375,23.690000534057617
79.37000274658203,1794.9000244140625,23.844999313354492
81.12999725341797,1817.0,24.274999618530273
82.16000366210938,1826.0999755859375,24.312999725341797
84.52999877929688,1825.800048828125,24.767000198364258
81.41000366210938,1853.9000244140625,25.299999237060547
81.20999908447266,1860.800048828125,25.344999313354492
80.66000366210938,1864.5,25.239999771118164
80.93000030517578,1853.5999755859375,25.0049991607666
80.54000091552734,1862.5999755859375,24.8799991607666
78.33999633789062,1861.0,25.155000686645508
78.76000213623047,1851.199951171875,24.8700008392334
75.75,1841.5999755859375,24.540000915527344
76.45999908447266,1795.5,23.399999618530273
78.4800033569336,1793.0,23.496000289916992
78.33999633789062,1791.0999755859375,23.10700035095215
69.2300033569336,1791.699951171875,23.135000228881836
70.04000091552734,1783.9000244140625,22.885000228881836
67.01000213623047,1774.800048828125,22.770000457763672
65.62999725341797,1780.9000244140625,22.295000076293945
67.5,1767.5,22.40999984741211
67.0199966430664,1780.199951171875,22.489999771118164
69.72000122070312,1779.5,22.385000228881836
71.86000061035156,1789.9000244140625,22.43000030517578
72.5199966430664,1783.5,22.280000686645508
70.68000030517578,1773.800048828125,21.885000228881836
72.04000091552734,1784.4000244140625,22.2450008392334
71.12000274658203,1787.0,22.25
70.3499984741211,1767.4000244140625,21.5
71.4800033569336,1781.0,22.135000228881836
71.91999816894531,1804.0,22.450000762939453
70.06999969482422,1796.800048828125,22.299999237060547
69.20999908447266,1791.4000244140625,22.225000381469727
71.2699966430664,1786.0,22.46500015258789
73.02999877929688,1806.0,22.809999465942383
73.37999725341797,1810.0,22.68000030517578
75.97000122070312,1812.0,23.05500030517578
76.04000091552734,1803.199951171875,23.0049991607666
76.58000183105469,1801.699951171875,22.774999618530273
75.69000244140625,1830.0999755859375,23.309999465942383
76.0199966430664,1800.5,22.954999923706055
77.18000030517578,1813.0999755859375,23.139999389648438
79.62000274658203,1791.800048828125,22.393999099731445
78.87999725341797,1794.9000244140625,22.354999542236328
78.41999816894531,1803.9000244140625,22.59000015258789
81.37999725341797,1819.0,23.200000762939453
82.81999969482422,1819.800048828125,23.155000686645508
81.7300033569336,1821.5,22.910999298095703
84.31999969482422,1816.800048828125,23.399999618530273
86.61000061035156,1817.4000244140625,24.22599983215332
86.2300033569336,1840.5999755859375,24.711000442504883
84.56999969482422,1838.0,24.31399917602539
84.91000366210938,1837.9000244140625,23.795000076293945
84.1500015258789,1843.0,23.94499969482422
85.26000213623047,1829.9000244140625,23.80699920654297
87.1500015258789,1793.300048828125,23.030000686645508
87.5,1797.5,22.809999465942383
87.44999694824219,1788.5,22.34000015258789
88.1500015258789,1797.199951171875,22.4950008392334
88.3499984741211,1797.800048828125,22.809999465942383
87.9800033569336,1805.800048828125,22.545000076293945
90.19000244140625,1806.0,22.530000686645508
91.81999969482422,1812.199951171875,23.05500030517578
91.63999938964844,1818.9000244140625,23.19499969482422
89.86000061035156,1825.4000244140625,23.336000442504883
90.01000213623047,1833.300048828125,23.518999099731445
90.0,1822.0,23.170000076293945
93.91000366210938,1861.800048828125,23.915000915527344
94.83000183105469,1872.5999755859375,23.165000915527344
92.20999908447266,1858.699951171875,23.60099983215332
90.9000015258789,1876.300048828125,23.874000549316406
91.62999725341797,1899.4000244140625,24.0
91.75,1908.0999755859375,24.209999084472656
91.73999786376953,1896.5999755859375,24.55500030517578
92.5199966430664,1911.9000244140625,25.354999542236328
93.31999969482422,1906.9000244140625,24.31999969482422
94.98999786376953,1928.300048828125,24.549999237060547
96.08999633789062,1908.300048828125,24.450000762939453
107.12000274658203,1945.5999755859375,25.309999465942383
111.33000183105469,1930.5,25.30500030517578
107.95999908447266,1937.0,25.295000076293945
121.33000183105469,1989.0,26.155000686645508
120.66999816894531,1999.4000244140625,25.850000381469727
124.66000366210938,2053.60009765625,26.899999618530273
110.41000366210938,1978.0999755859375,26.030000686645508
105.98999786376953,1985.0,26.03499984741211
109.41999816894531,1976.5,25.950000762939453
102.27999877929688,1939.800048828125,24.885000228881836
95.2300033569336,1922.4000244140625,24.975000381469727
95.33999633789062,1933.9000244140625,25.200000762939453
103.62000274658203,1934.5,25.40999984741211
105.12999725341797,1925.4000244140625,25.174999237060547
112.9000015258789,1920.699951171875,25.19499969482422
108.8499984741211,1936.5999755859375,25.0
114.47000122070312,1963.5999755859375,25.454999923706055
111.75,1953.800048828125,25.825000762939453
112.91999816894531,1932.5999755859375,25.184999465942383
103.47000122070312,1893.5,24.2549991607666
105.23999786376953,1918.4000244140625,25.1299991607666
107.44999694824219,1933.5,24.875
101.2300033569336,1935.0,24.860000610351562
98.94999694824219,1921.199951171875,24.434999465942383
103.66000366210938,1927.0999755859375,24.635000228881836
101.23999786376953,1916.699951171875,24.385000228881836
97.16000366210938,1919.5,24.545000076293945
97.16999816894531,1928.800048828125,24.819000244140625
98.4000015258789,1946.5999755859375,25.514999389648438
95.16999816894531,1952.5,25.219999313354492
100.91000366210938,1969.5,25.6200008392334
104.19999694824219,1977.199951171875,25.690000534057617
107.75,1973.800048828125,26.03499984741211
103.05000305175781,1945.5,25.21500015258789
102.5,1942.5,25.280000686645508
104.06999969482422,1949.5999755859375,24.725000381469727
101.37999725341797,1925.0,23.667999267578125
98.63999938964844,1900.5,23.54199981689453
101.76000213623047,1897.800048828125,23.45800018310547
102.11000061035156,1883.800048828125,23.309999465942383
105.16999816894531,1902.699951171875,23.225000381469727
104.0,1896.699951171875,22.71500015258789
105.08000183105469,1868.800048828125,22.639999389648438
103.5,1867.0,22.584999084472656
107.58000183105469,1897.0,23.1200008392334
108.69999694824219,1874.699951171875,22.280000686645508
110.43000030517578,1866.5999755859375,22.170000076293945
102.6500015258789,1839.9000244140625,21.985000610351562
99.0,1841.5,21.415000915527344
105.62999725341797,1849.800048828125,21.479999542236328
106.6500015258789,1825.0,20.639999389648438
110.9800033569336,1790.5,21.094999313354492
113.87000274658203,1824.9000244140625,21.655000686645508
113.66000366210938,1815.0,21.674999237060547
109.08999633789062,1810.9000244140625,21.434999465942383
111.44999694824219,1839.0999755859375,21.66900062561035
110.55999755859375,1846.300048828125,21.834999084472656
110.41000366210938,1852.5,22.062999725341797
110.38999938964844,1846.199951171875,21.864999771118164
114.19999694824219,1848.300048828125,22.010000228881836
114.95999908447266,1850.300048828125,21.600000381469727
115.4000015258789,1831.0,21.4950008392334
114.80000305175781,1845.4000244140625,21.829999923706055
117.55000305175781,1867.5999755859375,22.405000686645508
119.0999984741211,1836.9000244140625,22.024999618530273
119.79000091552734,1844.800048828125,21.989999771118164
122.43000030517578,1846.0999755859375,22.05500030517578
121.45999908447266,1842.699951171875,21.700000762939453
120.19000244140625,1873.800048828125,21.649999618530273
121.08999633789062,1825.0,21.020000457763672
119.06999969482422,1814.0999755859375,20.985000610351562
115.9800033569336,1819.199951171875,21.69499969482422
117.08000183105469,1853.699951171875,21.8700008392334
110.58000183105469,1835.300048828125,21.799999237060547
109.54000091552734,1829.5,21.594999313354492
104.41999816894531,1835.5,21.3799991607666
107.22000122070312,1830.5,21.295000076293945
110.18000030517578,1824.199951171875,21.174999237060547
111.86000061035156,1818.300048828125,20.80500030517578
109.69999694824219,1809.5999755859375,20.665000915527344
106.01000213623047,1795.5,20.165000915527344
108.80000305175781,1805.4000244140625,19.809999465942383
100.36000061035156,1762.5,19.190000534057617
98.22000122070312,1745.199951171875,19.100000381469727
102.22000122070312,1738.0999755859375,19.0
104.79000091552734,1732.5,19.165000915527344
103.45999908447266,1734.199951171875,18.799999237060547
95.88999938964844,1710.0,18.809999465942383
96.56999969482422,1710.300048828125,19.100000381469727
96.38999938964844,1705.4000244140625,18.225000381469727
97.2699966430664,1712.199951171875,18.809999465942383
102.0,1712.300048828125,18.614999771118164
103.5999984741211,1707.0999755859375,18.655000686645508
99.91000366210938,1687.0,18.55500030517578
96.51000213623047,1713.300048828125,18.709999084472656
95.0999984741211,1727.0,18.40999984741211
96.33000183105469,1718.0,18.46500015258789
95.5999984741211,1719.0999755859375,18.4950008392334
98.16999816894531,1732.300048828125,19.020000457763672
97.30000305175781,1754.0,19.989999771118164
93.75,1772.0999755859375,20.100000381469727
93.83000183105469,1756.699951171875,19.8799991607666
90.94999694824219,1769.4000244140625,19.985000610351562
88.05999755859375,1791.199951171875,20.135000228881836
88.45999908447266,1771.800048828125,20.591999053955078
90.69000244140625,1790.0,20.6200008392334
90.51000213623047,1804.4000244140625,20.520000457763672
91.55000305175781,1794.300048828125,20.415000915527344
94.08999633789062,1786.300048828125,20.677000045776367
91.94000244140625,1799.0,20.250999450683594
87.93000030517578,1777.4000244140625,19.950000762939453
87.0999984741211,1769.699951171875,20.084999084472656
87.38999938964844,1762.9000244140625,19.719999313354492
90.38999938964844,1753.699951171875,19.1299991607666
89.6500015258789,1740.5,18.84000015258789
90.55000305175781,1738.0,18.885000228881836
93.77999877929688,1745.0,18.834999084472656
95.3499984741211,1761.5999755859375,19.045000076293945
93.05999755859375,1754.0,19.30500030517578
92.95999908447266,1732.4000244140625,18.520000457763672
96.9000015258789,1736.4000244140625,18.565000534057617
92.30999755859375,1718.300048828125,18.15999984741211
88.83000183105469,1707.9000244140625,17.71500015258789
86.55999755859375,1703.4000244140625,17.530000686645508
86.83999633789062,1709.699951171875,18.100000381469727
86.93000030517578,1694.800048828125,18.136999130249023
81.91000366210938,1718.199951171875,18.290000915527344
82.80000305175781,1719.199951171875,18.354999542236328
86.25,1727.4000244140625,19.315000534057617
88.08999633789062,1720.5,19.725000381469727
87.94000244140625,1698.699951171875,19.184999465942383
88.91000366210938,1685.5,19.514999389648438
85.16000366210938,1660.4000244140625,18.875
85.20999908447266,1661.800048828125,19.273000717163086
85.61000061035156,1659.699951171875,19.5
84.25,1665.5,19.375
83.06999969482422,1668.300048828125,19.3700008392334
83.54000091552734,1667.0,19.510000228881836
79.2300033569336,1623.300048828125,18.729999542236328
76.47000122070312,1632.199951171875,18.524999618530273
78.08000183105469,1620.4000244140625,18.475000381469727
81.9000015258789,1657.0,18.764999389648438
81.73999786376953,1661.699951171875,18.844999313354492
81.0199966430664,1667.199951171875,20.170000076293945
83.22000122070312,1701.199951171875,20.81999969482422
86.37000274658203,1724.0999755859375,20.795000076293945
88.08000183105469,1721.0,20.610000610351562
88.93000030517578,1710.0999755859375,20.579999923706055
93.4800033569336,1693.4000244140625,19.690000534057617
91.13999938964844,1661.800048828125,19.344999313354492
88.66999816894531,1668.0,19.084999084472656
87.08000183105469,1675.199951171875,18.94499969482422
89.2699966430664,1665.300048828125,18.93000030517578
85.58999633789062,1650.199951171875,18.625
85.69999694824219,1651.4000244140625,18.59000015258789
83.69000244140625,1637.5,18.684999465942383
85.94000244140625,1622.800048828125,18.389999389648438
85.06999969482422,1634.0999755859375,18.56999969482422
85.23999786376953,1662.699951171875,19.173999786376953
84.87999725341797,1648.199951171875,18.915000915527344
85.06999969482422,1649.800048828125,19.46500015258789
88.26000213623047,1660.699951171875,19.635000228881836
88.66999816894531,1661.0,19.5
88.38999938964844,1641.800048828125,19.200000762939453
86.43000030517578,1630.800048828125,19.125
88.62000274658203,1650.800048828125,19.780000686645508
89.3499984741211,1629.199951171875,19.235000610351562
87.9000015258789,1630.199951171875,19.979999542236328
91.0,1676.9000244140625,20.575000762939453
91.87000274658203,1703.199951171875,20.68000030517578
88.56999969482422,1707.4000244140625,21.59000015258789
85.8499984741211,1708.199951171875,21.059999465942383
86.2699966430664,1763.800048828125,21.584999084472656
89.0199966430664,1762.0,21.864999771118164
85.25,1770.800048828125,22.030000686645508
86.88999938964844,1776.5999755859375,21.625
85.22000122070312,1763.0,20.954999923706055
82.08999633789062,1763.300048828125,20.97599983215332
80.30000305175781,1739.0,20.649999618530273
80.22000122070312,1741.699951171875,21.075000762939453
81.08000183105469,1736.5,21.084999084472656
77.51000213623047,1753.0,21.354999542236328
75.93000030517578,1741.300048828125,20.90999984741211
76.54000091552734,1739.5,20.889999389648438
79.0,1748.0999755859375,21.170000076293945
80.4000015258789,1768.699951171875,22.25
81.47000122070312,1802.0,22.770000457763672
79.98999786376953,1795.699951171875,23.190000534057617
77.3499984741211,1768.5999755859375,22.225000381469727
74.55000305175781,1769.300048828125,22.604999542236328
72.37999725341797,1782.0,22.684999465942383
71.8499984741211,1794.9000244140625,23.1200008392334
71.79000091552734,1787.300048828125,23.420000076293945
73.29000091552734,1780.699951171875,23.325000762939453
75.2699966430664,1810.800048828125,23.7549991607666
77.37000274658203,1801.0,23.94499969482422
76.37000274658203,1777.9000244140625,23.100000381469727
74.5,1791.5999755859375,23.02899932861328
75.69999694824219,1786.5,23.084999084472656
75.98999786376953,1817.4000244140625,24.020000457763672
78.43000030517578,1818.0999755859375,24.049999237060547
78.18000030517578,1794.300048828125,23.71500015258789
79.9000015258789,1803.4000244140625,24.114999771118164
79.88999938964844,1803.199951171875,24.075000762939453
78.81999969482422,1805.800048828125,23.584999084472656
78.7300033569336,1817.0,24.05500030517578
80.56999969482422,1836.199951171875,24.454999923706055
77.25,1845.5999755859375,24.084999084472656
73.25,1855.199951171875,23.5
73.47000122070312,1867.0,23.711999893188477
74.86000061035156,1877.800048828125,23.43000030517578
74.77999877929688,1873.0999755859375,23.549999237060547
77.69999694824219,1877.199951171875,23.80500030517578
78.31999969482422,1899.0,23.889999389648438
80.0999984741211,1920.0999755859375,24.309999465942383
80.97000122070312,1911.0999755859375,24.25
79.13999938964844,1922.0999755859375,23.753999710083008
80.5999984741211,1922.0999755859375,23.829999923706055
81.79000091552734,1926.5,23.079999923706055
81.62000274658203,1931.800048828125,23.434999465942383
80.26000213623047,1941.199951171875,23.684999465942383
80.4800033569336,1936.5999755859375,23.9950008392334
81.22000122070312,1928.5999755859375,23.527000427246094
80.04000091552734,1928.300048828125,23.69499969482422
77.91000366210938,1923.0,23.55500030517578
79.05999755859375,1927.199951171875,23.520000457763672
76.79000091552734,1952.300048828125,24.19499969482422
75.91999816894531,1912.4000244140625,22.5
73.2300033569336,1865.5999755859375,22.235000610351562
74.56999969482422,1870.0,22.117000579833984
77.48999786376953,1872.0999755859375,22.165000915527344
78.44999694824219,1875.300048828125,22.097000122070312
77.68000030517578,1861.5999755859375,22.110000610351562
79.94000244140625,1859.0,21.780000686645508
79.05999755859375,1854.0999755859375,21.989999771118164
78.83000183105469,1842.0,21.84000015258789
78.54000091552734,1838.5999755859375,21.625
78.06999969482422,1827.4000244140625,21.69499969482422
76.52999877929688,1842.5999755859375,21.969999313354492
76.11000061035156,1835.699951171875,21.8799991607666
73.91999816894531,1826.4000244140625,21.510000228881836
75.5999984741211,1808.800048828125,21.329999923706055
76.41999816894531,1811.5999755859375,20.75
75.76000213623047,1808.0999755859375,20.639999389648438
76.8499984741211,1827.0999755859375,20.8799991607666
77.73999786376953,1830.0,20.915000915527344
77.88999938964844,1837.300048828125,21.0
79.91999816894531,1853.300048828125,21.174999237060547
80.5,1840.9000244140625,20.985000610351562
77.31999969482422,1811.5999755859375,20.03499984741211
76.5,1816.4000244140625,20.010000228881836
75.6500015258789,1852.300048828125,20.375
76.5999984741211,1890.800048828125,20.690000534057617
74.69999694824219,1912.199951171875,21.510000228881836
71.55999755859375,1903.9000244140625,21.600000381469727
68.22000122070312,1909.9000244140625,21.854999542236328
68.26000213623047,1946.0,21.75
66.62000274658203,1988.300048828125,22.6299991607666
67.62000274658203,1973.800048828125,22.56999969482422
69.4800033569336,1946.800048828125,22.68000030517578
69.94999694824219,1990.5,23.143999099731445
69.51000213623047,1991.699951171875,23.246999740600586
69.41999816894531,1957.199951171875,23.054000854492188
72.86000061035156,1972.4000244140625,23.094999313354492
73.61000061035156,1966.0999755859375,23.375999450683594
72.9800033569336,1965.9000244140625,23.985000610351562
74.37000274658203,1981.300048828125,23.8700008392334
80.0999984741211,1968.0999755859375,23.725000381469727
80.44000244140625,1984.5999755859375,24.415000915527344
81.01000213623047,2022.0999755859375,25.114999771118164
80.37000274658203,2022.199951171875,24.670000076293945
79.87999725341797,1991.4000244140625,24.959999084472656
81.44000244140625,2005.199951171875,25.165000915527344
83.22000122070312,2015.5999755859375,25.540000915527344
82.4000015258789,2041.0,25.799999237060547
82.4800033569336,2002.699951171875,25.05299949645996
81.0,1996.9000244140625,25.18000030517578
80.91999816894531,2005.699951171875,24.80500030517578
78.87000274658203,1998.0,25.229999542236328
77.12999725341797,1996.199951171875,25.165000915527344
77.97000122070312,1981.300048828125,25.049999237060547
78.73999786376953,1995.699951171875,25.19499969482422
77.08000183105469,1997.800048828125,25.1299991607666
74.37999725341797,1990.5999755859375,24.975000381469727
74.91000366210938,1986.9000244140625,24.954999923706055
75.76000213623047,1994.699951171875,24.735000610351562
71.55999755859375,2017.0999755859375,25.424999237060547
68.16000366210938,2045.0,25.7549991607666
68.69999694824219,2046.4000244140625,26.200000762939453
71.3499984741211,2022.5,25.719999313354492
72.83999633789062,2026.5999755859375,25.5
73.58000183105469,2032.300048828125,25.579999923706055
72.7699966430664,2034.0999755859375,25.18000030517578
71.41999816894531,2014.5,23.780000686645508
70.04000091552734,2013.800048828125,24.065000534057617
71.31999969482422,1988.4000244140625,23.90999984741211
70.5999984741211,1983.5999755859375,23.579999923706055
71.94000244140625,1960.0,23.920000076293945
71.69999694824219,1980.5,23.674999237060547
72.0999984741211,1972.4000244140625,23.5
73.7699966430664,1975.4000244140625,23.434999465942383
74.20999908447266,1943.0999755859375,22.8700008392334
71.88999938964844,1948.199951171875,23.1299991607666
73.2300033569336,1942.699951171875,23.28499984741211
69.62000274658203,1958.199951171875,23.329999923706055
67.5999984741211,1963.199951171875,23.875
70.20999908447266,1977.0999755859375,23.84000015258789
75.02999877929688,1947.5,23.534000396728516
71.55999755859375,1959.0,23.43899917602539
72.47000122070312,1943.199951171875,23.520000457763672
70.94000244140625,1965.0999755859375,24.389999389648438
70.2699966430664,1959.699951171875,24.28499984741211
67.30999755859375,1960.5999755859375,23.756000518798828
69.3499984741211,1946.199951171875,24.04400062561035
68.69999694824219,1941.699951171875,23.891000747680664
70.55000305175781,1961.4000244140625,24.076000213623047
71.44999694824219,1958.5999755859375,23.19300079345703
70.9000015258789,1935.5999755859375,22.77400016784668
72.43000030517578,1920.0,22.43600082397461
69.83999633789062,1922.9000244140625,22.80500030517578
69.48999786376953,1927.0,22.93899917602539
68.01000213623047,1912.300048828125,22.864999771118164
69.25,1909.9000244140625,22.7450008392334
69.81999969482422,1908.5999755859375,22.530000686645508
70.44999694824219,1917.9000244140625,22.764999389648438
70.1500015258789,1923.5,22.920000076293945
71.80000305175781,1909.300048828125,23.155000686645508
71.88999938964844,1913.4000244140625,22.860000610351562
73.86000061035156,1923.5999755859375,23.049999237060547
73.19000244140625,1925.0,23.225000381469727
74.83000183105469,1932.300048828125,23.139999389648438
75.8499984741211,1961.0999755859375,24.299999237060547
77.16000366210938,1958.4000244140625,24.90999984741211
75.0199966430664,1954.0,24.920000076293945
74.18000030517578,1968.800048828125,24.96500015258789
75.83999633789062,1977.0,25.25
75.3499984741211,1973.699951171875,25.280000686645508
75.69999694824219,1961.800048828125,24.697999954223633
77.01000213623047,1965.300048828125,24.43600082397461
78.8499984741211,1953.0,24.545000076293945
79.33999633789062,1966.199951171875,24.604999542236328
78.9000015258789,1945.4000244140625,24.236000061035156
79.83999633789062,1945.5,24.229999542236328
80.6500015258789,1959.199951171875,24.209999084472656
82.05000305175781,1948.4000244140625,24.149999618530273
79.7699966430664,1934.199951171875,23.584999084472656
81.7300033569336,1934.9000244140625,23.600000381469727
82.81999969482422,1941.0,23.475000381469727
82.52999877929688,1931.699951171875,22.959999084472656
82.87999725341797,1925.4000244140625,22.649999618530273
84.25,1921.0999755859375,22.746000289916992
82.83000183105469,1913.0,22.673999786376953
83.08999633789062,1909.300048828125,22.405000686645508
82.5199966430664,1906.0,22.454999923706055
81.2300033569336,1904.5,22.655000686645508
79.25,1893.699951171875,22.600000381469727
80.04000091552734,1891.800048828125,22.69499969482422
81.43000030517578,1893.5999755859375,22.78499984741211
80.80000305175781,1894.5999755859375,23.344999313354492
79.63999938964844,1909.5999755859375,24.363000869750977
78.56999969482422,1920.0,24.28499984741211
78.87999725341797,1919.800048828125,24.079999923706055
80.1500015258789,1915.5,24.238000869750977
79.9800033569336,1917.9000244140625,24.777000427246094
81.29000091552734,1936.0,24.780000686645508
81.69999694824219,1944.4000244140625,24.665000915527344
83.62999725341797,1950.0,24.489999771118164
86.05999755859375,1934.4000244140625,24.204999923706055
86.72000122070312,1924.0999755859375,23.514999389648438
87.54000091552734,1917.5999755859375,23.09000015258789
86.77999877929688,1924.0,23.104999542236328
87.4000015258789,1923.0,22.924999237060547
87.2699966430664,1920.800048828125,22.94499969482422
88.75,1910.300048828125,22.825000762939453
88.80999755859375,1903.0,22.614999771118164
90.66999816894531,1923.5,22.709999084472656
91.19999694824219,1928.199951171875,23.23200035095215
92.22000122070312,1934.0,23.194000244140625
91.55000305175781,1945.5999755859375,23.350000381469727
89.30000305175781,1924.0,23.030000686645508
89.62000274658203,1925.4000244140625,23.700000762939453
90.55000305175781,1916.5999755859375,23.59000015258789
89.87999725341797,1905.0,22.950000762939453
90.52999877929688,1871.5999755859375,22.476999282836914
93.77999877929688,1875.5,22.549999237060547
91.76000213623047,1864.300048828125,22.774999618530273
90.81999969482422,1844.0999755859375,22.165000915527344
88.66999816894531,1825.0,20.979999542236328
89.41999816894531,1821.800048828125,21.184999465942383
84.44999694824219,1826.300048828125,21.075000762939453
82.27999877929688,1819.0,20.985000610351562
85.25,1842.5,21.740999221801758
86.43000030517578,1857.0,21.850000381469727
85.95999908447266,1869.5,21.957000732421875
83.19999694824219,1874.699951171875,22.06999969482422
83.51000213623047,1877.5,22.475000381469727
87.72000122070312,1910.4000244140625,22.604999542236328
87.05999755859375,1914.300048828125,22.700000762939453
87.80999755859375,1935.0,22.790000915527344
88.23999786376953,1950.0999755859375,22.770000457763672
90.27999877929688,1981.0999755859375,23.559999465942383
88.0,1976.199951171875,23.225000381469727
86.1500015258789,1970.300048828125,22.850000381469727
83.69000244140625,1971.199951171875,22.780000686645508
85.37000274658203,1988.199951171875,22.975000381469727
83.52999877929688,1988.5999755859375,22.770000457763672
85.0,2004.0999755859375,23.15999984741211
82.58999633789062,1996.5,23.295000076293945
81.4800033569336,1990.5,22.645000457763672
80.81999969482422,1989.0999755859375,22.750999450683594
82.58000183105469,1989.0,23.201000213623047
81.12999725341797,1981.5999755859375,23.14900016784668
80.93000030517578,1966.5,22.774999618530273
77.12000274658203,1967.800048828125,22.329999923706055
75.6500015258789,1951.699951171875,22.520000457763672
75.58999633789062,1959.5999755859375,22.6200008392334
77.1500015258789,1939.9000244140625,22.084999084472656
78.52999877929688,1965.800048828125,22.334999084472656
78.16999816894531,1962.800048828125,23.485000610351562
76.5999984741211,1965.300048828125,23.575000762939453
72.97000122070312,1982.5,23.905000686645508
75.6500015258789,1978.699951171875,23.459999084472656
77.6500015258789,1990.699951171875,23.764999389648438
77.7699966430664,1999.0999755859375,23.672000885009766
76.79000091552734,1991.9000244140625,24.315000534057617
75.30999755859375,2011.699951171875,24.80500030517578
75.06999969482422,2040.5999755859375,24.93000030517578
76.55999755859375,2041.699951171875,25.049999237060547
77.75,2046.0999755859375,25.03499984741211
75.58999633789062,2038.300048828125,25.399999618530273
74.58000183105469,2075.300048828125,25.59000015258789
73.30000305175781,2035.0999755859375,24.55500030517578
72.0999984741211,2019.9000244140625,24.18000030517578
69.27999877929688,2029.199951171875,23.920000076293945
69.76000213623047,2031.699951171875,23.815000534057617
71.1500015258789,2004.0999755859375,23.049999237060547
71.43000030517578,1984.199951171875,22.78499984741211
68.7300033569336,1978.5,22.809999465942383
69.8499984741211,2024.699951171875,23.764999389648438
71.61000061035156,2032.5999755859375,24.0049991607666
71.68000030517578,2024.300048828125,23.83099937438965
72.4800033569336,2025.199951171875,23.96500015258789
74.05999755859375,2037.0999755859375,24.079999923706055
73.80999755859375,2035.800048828125,24.329999923706055
73.91000366210938,2055.699951171875,24.520000457763672
75.31999969482422,2067.300048828125,24.235000610351562
73.80000305175781,2081.60009765625,24.34000015258789
71.98999786376953,2068.0,23.885000228881836
70.5,2034.199951171875,23.264999389648438
73.04000091552734,2041.5999755859375,22.93000030517578
72.4000015258789,2044.5,23.065000534057617
73.51000213623047,2019.0999755859375,22.989999771118164
70.91000366210938,2035.800048828125,23.139999389648438
72.16999816894531,2029.0,23.0
71.33000183105469,2025.0999755859375,22.959999084472656
73.01000213623047,2031.0999755859375,22.825000762939453
72.62999725341797,2051.699951171875,22.933000564575195
72.0,2026.5,22.90999984741211
72.77999877929688,2012.800048828125,22.639999389648438
74.08000183105469,2023.199951171875,22.514999389648438
73.41000366210938,2021.300048828125,22.0049991607666
74.68000030517578,2030.300048828125,22.333999633789062
74.56999969482422,2023.199951171875,22.854999542236328
75.30000305175781,2012.0999755859375,22.8700008392334
77.1500015258789,2021.699951171875,22.760000228881836
78.9000015258789,2025.199951171875,23.094999313354492
77.0199966430664,2032.5,23.204999923706055
77.83999633789062,2035.4000244140625,23.051000595092773
75.95999908447266,2040.199951171875,22.875
73.91000366210938,2054.800048828125,23.125
72.75,2038.9000244140625,22.489999771118164
72.76000213623047,2025.9000244140625,22.454999923706055
73.5,2032.800048828125,22.34000015258789
74.08000183105469,2028.0,22.489999771118164
76.41999816894531,2032.0,22.405000686645508
76.5999984741211,2025.5,22.649999618530273
77.02999877929688,2025.0999755859375,22.09600067138672
77.80999755859375,1990.300048828125,22.03499984741211
76.5999984741211,1993.5999755859375,22.610000610351562
78.11000061035156,2005.0,23.43899917602539
78.9800033569336,2015.5999755859375,23.149999618530273
77.1500015258789,2028.199951171875,23.190000534057617
78.08999633789062,2033.199951171875,22.764999389648438
78.37000274658203,2026.0,22.9689998626709
76.4000015258789,2034.0999755859375,22.594999313354492
77.62000274658203,2035.9000244140625,22.523000717163086
78.4800033569336,2029.5,22.44499969482422
78.19999694824219,2034.300048828125,22.440000534057617
78.27999877929688,2043.0999755859375,22.655000686645508
80.13999938964844,2083.60009765625,23.155000686645508
78.73999786376953,2114.89990234375,23.704999923706055
78.1500015258789,2125.5,23.635000228881836
79.12999725341797,2147.0,24.165000915527344
79.51000213623047,2167.300048828125,24.5049991607666
77.80000305175781,2181.0,24.385000228881836
78.08999633789062,2182.5,24.46500015258789
78.05999755859375,2162.5,24.21500015258789
79.62999725341797,2163.0,24.875
81.13999938964844,2161.699951171875,24.834999084472656
81.02999877929688,2146.199951171875,25.15999984741211
82.8499984741211,2156.10009765625,25.170000076293945
83.19999694824219,2157.300048828125,24.933000564575195
81.48999786376953,2207.0,25.625
80.83999633789062,2179.199951171875,24.75
80.8499984741211,2166.199951171875,24.815000534057617
81.94000244140625,2182.699951171875,24.639999389648438
81.29000091552734,2179.39990234375,24.424999237060547
81.70999908447266,2193.60009765625,24.684999465942383
84.04000091552734,2252.0,25.299999237060547
85.45999908447266,2281.699951171875,26.2549991607666
85.66000366210938,2301.699951171875,27.229999542236328
86.86000061035156,2289.199951171875,26.489999771118164
86.0999984741211,2325.60009765625,27.80500030517578
86.58999633789062,2337.800048828125,28.1200008392334
85.33999633789062,2346.60009765625,27.764999389648438
86.31999969482422,2341.5,28.1299991607666
85.5999984741211,2377.300048828125,28.510000228881836
85.93000030517578,2362.10009765625,28.25
85.69999694824219,2384.0,28.354999542236328
85.36000061035156,2384.199951171875,28.510000228881836
82.79000091552734,2368.39990234375,28.32900047302246
82.62000274658203,2379.300048828125,28.5049991607666
83.05000305175781,2383.300048828125,27.21299934387207
82.12999725341797,2327.699951171875,27.135000228881836
83.4000015258789,2321.300048828125,27.139999389648438
82.83000183105469,2315.0,27.341999053955078
83.80999755859375,2347.89990234375,27.240999221801758
83.69000244140625,2334.800048828125,27.200000762939453
82.76000213623047,2322.5,27.155000686645508
79.1500015258789,2321.699951171875,26.71500015258789
79.06999969482422,2300.0,26.6299991607666
78.16000366210938,2322.800048828125,26.950000762939453
78.72000122070312,2324.300048828125,27.299999237060547
78.33999633789062,2313.60009765625,27.264999389648438
79.58999633789062,2367.300048828125,28.594999313354492
78.18000030517578,2358.300048828125,28.059999465942383
79.2300033569336,2336.0,28.270000457763672
78.44000244140625,2361.60009765625,28.610000610351562
78.83999633789062,2389.5,29.8799991607666
79.37999725341797,2380.699951171875,29.760000228881836
79.69999694824219,2429.5,32.494998931884766
78.20999908447266,2417.5,32.029998779296875
77.29000091552734,2371.199951171875,30.344999313354492
77.04000091552734,2342.60009765625,30.3700008392334
77.80999755859375,2336.89990234375,31.540000915527344
80.26000213623047,2340.300048828125,32.202999114990234
79.27999877929688,2336.89990234375,32.0
77.91000366210938,2344.10009765625,30.424999237060547
76.97000122070312,2322.60009765625,30.440000534057617
74.0199966430664,2347.5,29.7549991607666
72.9000015258789,2326.39990234375,29.549999237060547
75.66999816894531,2379.89990234375,31.524999618530273
75.3499984741211,2290.60009765625,29.59000015258789
78.12000274658203,2300.0,29.155000686645508
78.22000122070312,2314.89990234375,30.176000595092773
78.37000274658203,2309.39990234375,29.125
77.95999908447266,2307.0,29.385000228881836
78.4800033569336,2320.199951171875,29.325000762939453
80.43000030517578,2311.800048828125,29.0049991607666
81.5199966430664,2328.89990234375,29.5
80.44999694824219,2323.300048828125,29.5
81.69999694824219,2324.39990234375,29.5
80.72000122070312,2307.89990234375,28.909000396728516
80.86000061035156,2296.800048828125,28.770000457763672
81.86000061035156,2325.39990234375,28.940000534057617
81.44999694824219,2323.800048828125,29.100000381469727
83.43000030517578,2330.699951171875,29.309999465942383
83.19999694824219,2330.89990234375,29.594999313354492
83.5999984741211,2354.89990234375,30.264999389648438
83.1500015258789,2381.699951171875,31.200000762939453
82.22000122070312,2363.10009765625,30.77199935913086
81.80999755859375,2366.300048828125,30.770000457763672
82.4000015258789,2378.699951171875,30.940000534057617
82.86000061035156,2399.800048828125,31.364999771118164
82.16000366210938,2430.0,30.690000534057617
81.91999816894531,2427.39990234375,30.809999465942383
80.8499984741211,2472.89990234375,31.204999923706055
83.11000061035156,2466.0,30.5049991607666
82.47000122070312,2418.800048828125,29.75
80.38999938964844,2402.10009765625,29.170000076293945
78.2699966430664,2395.800048828125,29.0
77.44999694824219,2421.0,29.115999221801758
77.5,2365.5,28.700000762939453
78.3499984741211,2368.699951171875,28.010000228881836
77.30000305175781,2377.300048828125,28.049999237060547
75.91000366210938,2380.89990234375,27.825000762939453
75.23999786376953,2407.10009765625,28.71500015258789
76.87000274658203,2444.0,28.899999618530273
74.20999908447266,2442.0,28.165000915527344
73.86000061035156,2414.5,27.21500015258789
72.83999633789062,2392.199951171875,26.915000915527344
75.47000122070312,2384.300048828125,27.05500030517578
76.0199966430664,2422.300048828125,27.48699951171875
76.98999786376953,2432.699951171875,27.84000015258789
79.73999786376953,2461.0,27.69499969482422
78.7300033569336,2468.0,27.253999710083008
77.5199966430664,2451.800048828125,28.145000457763672
78.16000366210938,2453.5,28.777999877929688
76.58000183105469,2508.5,29.239999771118164
74.33999633789062,2503.5,29.854999542236328
73.12000274658203,2511.0,29.47599983215332
71.93000030517578,2504.10009765625,29.44499969482422
72.95999908447266,2486.5,29.785999298095703
75.0999984741211,2509.89990234375,30.104999542236328
77.19999694824219,2515.199951171875,29.951000213623047
75.75,2501.0,29.176000595092773
74.41999816894531,2504.10009765625,29.110000610351562
75.87000274658203,2519.5,29.3799991607666
73.52999877929688,2501.60009765625,28.354999542236328
70.27999877929688,2490.89990234375,27.885000228881836
69.2699966430664,2493.699951171875,28.19499969482422
69.33000183105469,2510.300048828125,28.584999084472656
68.12999725341797,2491.300048828125,28.084999084472656
68.77999877929688,2512.300048828125,28.2450008392334
66.27999877929688,2525.800048828125,28.4950008392334
67.38999938964844,2529.10009765625,28.80500030517578
69.30999755859375,2568.800048828125,29.979999542236328
69.16000366210938,2580.39990234375,30.885000228881836
70.5,2581.199951171875,30.618999481201172
71.13999938964844,2570.699951171875,30.65999984741211
70.12999725341797,2566.0,30.049999237060547
72.0999984741211,2590.39990234375,31.065000534057617
71.30999755859375,2626.5,30.6299991607666
70.76000213623047,2636.800048828125,30.860000610351562
71.54000091552734,2656.300048828125,31.80500030517578
69.88999938964844,2662.300048828125,32.23500061035156
67.44999694824219,2670.0,31.815000534057617
68.62999725341797,2660.89990234375,31.604999542236328
68.41000366210938,2631.39990234375,31.350000381469727
70.80000305175781,2650.60009765625,31.05500030517578
70.9800033569336,2642.800048828125,31.459999084472656
73.94999694824219,2656.0,32.095001220703125
74.4000015258789,2648.699951171875,31.59000015258789
77.33000183105469,2639.0,31.385000228881836
73.83999633789062,2603.0,30.485000610351562
73.38999938964844,2602.5,31.0049991607666
75.73999786376953,2638.300048828125,31.53499984741211
75.05000305175781,2655.0,31.08300018310547
71.51000213623047,2661.39990234375,31.527000427246094
70.98999786376953,2674.0,31.649999618530273
70.68000030517578,2677.39990234375,31.68000030517578
70.75,2713.699951171875,33.03200149536133
69.45999908447266,2721.89990234375,33.8650016784668
70.48999786376953,2731.699951171875,34.474998474121094
71.3499984741211,2742.5,34.55500030517578
71.0199966430664,2729.0,34.13999938964844
70.33000183105469,2725.5,33.25
68.9800033569336,2736.10009765625,33.77000045776367
68.0199966430664,2768.39990234375,34.26900100708008
67.47000122070312,2774.60009765625,34.119998931884766
69.0999984741211,2787.39990234375,33.525001525878906
70.44000244140625,2745.5,32.54199981689453
70.29000091552734,2736.5,32.47999954223633
71.62000274658203,2743.0,32.654998779296875
72.0199966430664,2734.5,32.040000915527344
71.87000274658203,2662.5,31.44499969482422
72.20999908447266,2688.5,31.4950008392334
70.25,2671.699951171875,31.114999771118164
68.1500015258789,2605.5,30.309999465942383
67.9800033569336,2611.10009765625,30.969999313354492
68.12999725341797,2555.10009765625,30.170000076293945
68.62000274658203,2565.699951171875,30.31999969482422
66.86000061035156,2591.699951171875,31.163000106811523
69.01000213623047,2621.89990234375,31.454999923706055
69.55000305175781,2638.5,31.18000030517578
69.04000091552734,2659.300048828125,30.94499969482422
70.18000030517578,2687.5,31.299999237060547
71.44000244140625,2689.39990234375,30.815000534057617
69.08000183105469,2625.60009765625,30.38800048828125
68.91000366210938,2633.5,30.489999771118164
68.7699966430664,2636.39990234375,30.135000228881836
68.0,2649.0,30.510000228881836
68.16000366210938,2639.0,30.934999465942383
70.0199966430664,2639.199951171875,31.155000686645508
68.73999786376953,2652.39990234375,31.290000915527344
68.44000244140625,2620.199951171875,31.299999237060547
67.1500015258789,2632.10009765625,31.440000534057617
68.19000244140625,2662.300048828125,32.10499954223633
68.5,2701.800048828125,32.34000015258789
70.43000030517578,2725.10009765625,32.529998779296875
70.05999755859375,2688.199951171875,31.0
71.44000244140625,2658.300048828125,30.815000534057617
70.61000061035156,2651.800048828125,30.344999313354492
70.22000122070312,2644.300048828125,30.440000534057617
70.13999938964844,2582.10009765625,29.604999542236328
69.2300033569336,2605.300048828125,29.165000915527344
69.4000015258789,2620.0,29.895000457763672
69.68000030517578,2617.699951171875,29.934999465942383
70.41999816894531,2620.699951171875,29.65999984741211
73.12999725341797,2658.699951171875,30.079999923706055
73.44000244140625,2653.39990234375,30.44700050354004
74.5199966430664,2655.5,30.524999618530273
74.29000091552734,2686.10009765625,31.53499984741211
76.54000091552734,2711.10009765625,30.274999618530273
78.81999969482422,2673.60009765625,30.19499969482422
78.02999877929688,2690.800048828125,30.8799991607666
80.4000015258789,2731.699951171875,31.385000228881836
78.75,2736.0,31.200000762939453
78.19000244140625,2746.0,30.799999237060547
75.87999725341797,2754.5,30.9950008392334
75.38999938964844,2760.0,30.399999618530273
74.30000305175781,2759.800048828125,31.075000762939453
74.54000091552734,2761.10009765625,30.253999710083008
73.1500015258789,2738.0,30.364999771118164
73.94999694824219,2769.10009765625,31.238000869750977
73.0,2772.5,31.479999542236328
73.19999694824219,2829.0,32.67499923706055
74.13999938964844,2818.199951171875,32.14500045776367
72.3499984741211,2827.60009765625,32.209999084472656
72.76000213623047,2850.0,32.80500030517578
71.18000030517578,2865.199951171875,32.5
70.55999755859375,2859.89990234375,32.7400016784668
71.0,2864.199951171875,32.310001373291016
72.48999786376953,2925.5,32.11000061035156
73.19999694824219,2902.0,31.96500015258789
71.23999786376953,2911.300048828125,32.834999084472656
71.5199966430664,2937.300048828125,33.744998931884766
70.69999694824219,2879.199951171875,32.7599983215332
71.77999877929688,2938.699951171875,33.560001373291016
72.18000030517578,2949.10009765625,33.444000244140625
72.58000183105469,2938.800048828125,33.32500076293945
69.80000305175781,2933.10009765625,32.834999084472656
70.91999816894531,2938.699951171875,32.125
69.11000061035156,2913.5,32.25299835205078
68.81999969482422,2918.5,32.23500061035156
70.16999816894531,2877.10009765625,31.575000762939453
69.94999694824219,2872.699951171875,31.434999465942383
68.45999908447266,2886.10009765625,31.84000015258789
68.08000183105469,2916.699951171875,32.16999816894531
66.38999938964844,2904.0,32.97999954223633
66.33999633789062,2900.89990234375,32.93000030517578
67.11000061035156,2910.10009765625,32.76499938964844
65.94999694824219,2884.39990234375,32.29499816894531
66.62000274658203,2912.0,33.244998931884766
67.69000244140625,2937.10009765625,33.3849983215332
66.77999877929688,2994.39990234375,34.244998931884766
67.3499984741211,2991.0,34.040000915527344
67.4000015258789,3006.39990234375,34.5
66.72000122070312,3035.199951171875,34.39500045776367
67.29000091552734,3047.300048828125,33.689998626708984
68.3499984741211,3034.5,33.290000915527344
68.3499984741211,3024.300048828125,33.474998474121094
69.16000366210938,3026.39990234375,33.459999084472656
69.16000366210938,3033.199951171875,34.30500030517578
69.95999908447266,3025.5,34.89699935913086
69.91000366210938,3069.699951171875,35.26499938964844
69.43000030517578,3091.0,34.7599983215332
71.38999938964844,3129.699951171875,34.599998474121094
71.19999694824219,3120.699951171875,34.499000549316406
70.37999725341797,3150.0,34.1349983215332
66.63999938964844,3110.5,31.440000534057617
61.119998931884766,3016.39990234375,28.450000762939453
61.029998779296875,2994.0,29.764999389648438
58.31999969482422,2965.800048828125,29.350000381469727
62.709999084472656,3073.89990234375,31.030000686645508
60.20000076293945,3182.10009765625,31.114999771118164
61.70000076293945,3215.5,31.799999237060547
61.58000183105469,3216.0,32.22700119018555
61.540000915527344,3238.300048828125,33.025001525878906
62.630001068115234,3345.0,32.334999084472656
63.43000030517578,3422.199951171875,32.880001068115234
64.0,3321.199951171875,33.54999923706055
62.34000015258789,3305.39990234375,33.32500076293945
62.86000061035156,3355.5,32.98899841308594
63.4900016784668,3284.5,32.9900016784668
61.869998931884766,3340.0,33.095001220703125
60.15999984741211,3318.699951171875,32.88999938964844
58.9900016784668,3239.89990234375,32.3849983215332
56.7599983215332,3242.699951171875,31.920000076293945
57.25,3365.5,32.650001525878906
58.97999954223633,3418.699951171875,32.80500030517578
57.93000030517578,3390.0,32.275001525878906
60.25,3299.0,32.67599868774414
61.38999938964844,3300.699951171875,32.584999084472656
62.0,3232.0,33.20000076293945
63.619998931884766,3233.0,32.2400016784668
62.880001068115234,3151.0,32.48099899291992
61.70000076293945,3227.699951171875,32.19499969482422
62.75,3234.39990234375,32.439998626708984
62.68000030517578,3219.0,32.119998931884766
62.27000045776367,3293.39990234375,33.04499816894531
61.33000183105469,3327.300048828125,33.57500076293945
60.810001373291016,3328.0,33.099998474121094
61.70000076293945,3332.5,33.22999954223633
61.040000915527344,3293.60009765625,33.14500045776367
60.939998626708984,3315.10009765625,32.974998474121094
61.11000061035156,3296.89990234375,33.45000076293945
63.02000045776367,3385.10009765625,34.314998626708984
63.36000061035156,3355.0,34.38999938964844
62.7599983215332,3371.5,35.30500030517578
65.45999908447266,3302.0,36.459999084472656
64.76000213623047,3328.0,36.09000015258789
69.02999877929688,3363.0,35.7599983215332
68.9000015258789,3407.300048828125,36.20500183105469
76.54000091552734,3442.0,36.25
71.11000061035156,3398.300048828125,36.810001373291016
75.61000061035156,3385.300048828125,37.17499923706055
78.0,3365.89990234375,36.15999984741211
67.73999786376953,3358.0,35.83000183105469
65.12000274658203,3321.60009765625,36.084999084472656
64.9800033569336,3332.39990234375,36.310001373291016
65.30000305175781,3318.699951171875,36.560001373291016
65.1500015258789,3265.89990234375,35.89500045776367
64.95999908447266,3310.10009765625,36.060001373291016
65.55999755859375,3329.0,35.97999954223633
67.5,3362.0,36.40999984741211
65.69999694824219,3305.5,37.09000015258789
67.95999908447266,3330.39990234375,36.685001373291016
68.18000030517578,3289.39990234375,36.3849983215332
68.29000091552734,3323.60009765625,36.63999938964844
66.8499984741211,3330.5,37.45000076293945
68.68000030517578,3367.0,39.099998474121094
66.86000061035156,3341.0,38.279998779296875
66.7300033569336,3341.199951171875,37.970001220703125
66.5999984741211,3313.800048828125,37.84000015258789
67.5999984741211,3338.199951171875,38.51499938964844
67.31999969482422,3350.300048828125,38.994998931884766
67.12000274658203,3411.0,38.915000915527344
65.48999786376953,3430.300048828125,39.40999984741211
65.41999816894531,3367.0,39.060001373291016
66.1500015258789,3344.0,38.93000030517578
65.1500015258789,3326.60009765625,38.130001068115234
67.04000091552734,3323.39990234375,38.130001068115234
69.33999633789062,3325.800048828125,38.165000915527344
70.30000305175781,3272.89990234375,36.84000015258789
66.8499984741211,3367.60009765625,37.14500045776367
66.20999908447266,3378.5,37.60499954223633
65.1500015258789,3380.699951171875,37.7599983215332
64.36000061035156,3384.89990234375,38.33000183105469
63.849998474121094,3438.800048828125,38.48500061035156
63.47999954223633,3383.89990234375,38.040000915527344
64.0,3356.199951171875,37.55500030517578
63.06999969482422,3358.800048828125,38.45000076293945
62.790000915527344,3346.800048828125,37.981998443603516
63.90999984741211,3346.800048828125,37.880001068115234
63.0,3333.5,37.95100021362305
63.27000045776367,3330.199951171875,37.30500030517578
62.599998474121094,3310.60009765625,37.744998931884766
62.849998474121094,3349.39990234375,38.027000427246094
63.5,3349.39990234375,39.00299835205078
63.880001068115234,3366.0,38.76499938964844
64.75,3378.89990234375,38.525001525878906
63.310001373291016,3397.0,38.68899917602539
63.869998931884766,3409.0,38.689998626708984
64.26000213623047,3432.5,39.154998779296875
63.95000076293945,3485.699951171875,40.185001373291016
65.62000274658203,3554.800048828125,41.150001525878906
63.81999969482422,3549.89990234375,41.029998779296875
63.33000183105469,3567.800048828125,40.959999084472656
62.0,3594.5,41.150001525878906
62.43000030517578,3647.10009765625,41.56999969482422
62.7400016784668,3625.0,41.132999420166016
63.79999923706055,3632.89990234375,41.35499954223633
62.27000045776367,3655.5,41.599998474121094
62.970001220703125,3640.0,42.209999084472656
63.310001373291016,3681.39990234375,42.47100067138672
64.58999633789062,3669.0,41.88999938964844
63.9900016784668,3654.60009765625,41.70000076293945
63.59000015258789,3659.0,41.915000915527344
62.7400016784668,3688.199951171875,43.66999816894531
62.33000183105469,3747.0,43.900001525878906
63.63999938964844,3769.800048828125,44.11000061035156
64.80000305175781,3742.800048828125,43.790000915527344
65.19999694824219,3775.300048828125,44.875
65.06999969482422,3754.800048828125,46.13999938964844
63.13999938964844,3827.5,46.935001373291016
62.459999084472656,3863.5,47.345001220703125
61.779998779296875,3856.199951171875,46.970001220703125
60.70000076293945,3855.199951171875,47.59700012207031
61.13999938964844,3931.300048828125,47.89500045776367
61.72999954223633,3959.39990234375,47.41999816894531
62.04999923706055,3987.199951171875,47.88999938964844
62.310001373291016,4011.199951171875,47.92499923706055
61.4900016784668,3957.0,46.93000030517578
59.0,4016.0,49.34000015258789
59.58000183105469,4131.7001953125,51.2599983215332
58.599998474121094,4145.0,50.939998626708984
58.77000045776367,4198.7998046875,52.5099983215332
57.5,4354.7001953125,53.21500015258789
57.72999954223633,4244.10009765625,50.415000915527344
57.369998931884766,4332.7001953125,50.80500030517578
57.59000015258789,4109.7001953125,47.88999938964844
59.939998626708984,4078.39990234375,48.470001220703125
61.790000915527344,4117.5,47.42499923706055
61.81999969482422,4060.0,47.810001373291016
61.5,3929.699951171875,46.32500076293945
60.18000030517578,3983.699951171875,47.72100067138672
60.38999938964844,3960.0,47.540000915527344
60.29999923706055,4034.5,48.439998626708984
61.400001525878906,3976.199951171875,47.82500076293945
61.029998779296875,3994.199951171875,46.92499923706055
60.43000030517578,3929.89990234375,47.560001373291016
59.68000030517578,4004.0,47.79399871826172
59.650001525878906,3980.800048828125,48.029998779296875
59.869998931884766,4060.0,49.5
60.06999969482422,4140.10009765625,50.43000030517578
61.04999923706055,4115.60009765625,51.25
58.470001220703125,4228.7001953125,52.93000030517578
58.709999084472656,4197.7001953125,53.099998474121094
59.79999923706055,4070.0,50.75
59.7400016784668,4037.39990234375,49.33000183105469
60.619998931884766,4086.10009765625,51.599998474121094
59.630001068115234,4045.0,50.349998474121094
58.79999923706055,4031.800048828125,49.849998474121094
58.04999923706055,4060.5,49.595001220703125
58.88999938964844,4139.2001953125,50.845001220703125
58.04999923706055,4128.60009765625,51.10499954223633
58.58000183105469,4163.39990234375,53.07500076293945
58.959999084472656,4218.5,56.220001220703125
59.52000045776367,4230.5,57.66999816894531
58.650001525878906,4215.7001953125,58.78499984741211
59.09000015258789,4211.0,58.29999923706055
59.70000076293945,4204.10009765625,56.834999084472656
60.150001525878906,4205.5,58.209999084472656
58.869998931884766,4190.7001953125,57.6150016784668
58.369998931884766,4209.0,60.56999969482422
58.90999984741211,4224.0,61.974998474121094
57.88999938964844,4276.39990234375,63.06999969482422
57.5,4308.2998046875,61.22999954223633
56.68000030517578,4270.5,62.665000915527344
55.22999954223633,4308.5,65.27999877929688
56.900001525878906,4331.0,65.7750015258789
56.029998779296875,4350.10009765625,66.49500274658203
56.630001068115234,4371.10009765625,67.00499725341797
57.95000076293945,4503.2998046875,69.08000183105469
57.040000915527344,4371.5,79.69999694824219
57.810001373291016,4346.39990234375,71.33000183105469
