FX1,FX2,FX3,FX4
1.2249047756195068,0.7308499813079834,103.24400329589844,126.45500183105469
1.225295066833496,0.7367600202560425,103.14199829101562,126.37200164794922
1.2337758541107178,0.7340899705886841,103.02799987792969,127.10199737548828
1.2268733978271484,0.7370200157165527,103.79499816894531,127.34400177001953
1.2187838554382324,0.7395899891853333,104.072998046875,126.83200073242188
1.2161602973937988,0.739329993724823,104.13200378417969,126.63700103759766
1.2209266424179077,0.7315880060195923,103.74800109863281,126.66400146484375
1.2161750793457031,0.7327499985694885,103.84500122070312,126.28399658203125
1.2153000831604004,0.7307999730110168,103.83699798583984,126.1719970703125
1.2078461647033691,0.736240029335022,103.69599914550781,125.20999908447266
1.2139458656311035,0.7328699827194214,103.89800262451172,126.12300109863281
1.211533784866333,0.7317100167274475,103.55699920654297,125.44499969482422
1.2166190147399902,0.7283099889755249,103.51200103759766,125.92400360107422
1.2168558835983276,0.7306100130081177,103.78700256347656,126.28399658203125
1.2143291234970093,0.7312300205230713,103.76200103759766,125.98699951171875
1.2163230180740356,0.7277100086212158,103.60299682617188,126.01300048828125
1.2104778289794922,0.7313399910926819,104.13600158691406,126.0459976196289
1.212135910987854,0.7285199761390686,104.31199645996094,126.43299865722656
1.2122827768325806,0.7300300002098083,104.71900177001953,126.93900299072266
1.2067675590515137,0.7312300205230713,104.87799835205078,126.52999877929688
1.203905463218689,0.7319499850273132,105.02200317382812,126.43199920654297
1.2041809558868408,0.7325800061225891,104.99500274658203,126.43399810791016
1.1967447996139526,0.7313799858093262,105.56800079345703,126.3219985961914
1.2049354314804077,0.727840006351471,105.39700317382812,126.98799896240234
1.2052549123764038,0.7275000214576721,105.22699737548828,126.80400085449219
1.2116951942443848,0.723770022392273,104.58200073242188,126.71299743652344
1.2119449377059937,0.7229400277137756,104.61900329589844,126.7770004272461
1.213003396987915,0.7240599989891052,104.75499725341797,127.06099700927734
1.2132388353347778,0.718720018863678,105.38500213623047,127.85299682617188
1.2088537216186523,0.7201300263404846,106.12899780273438,128.2899932861328
1.2045869827270508,0.7211899757385254,105.85600280761719,127.50599670410156
1.2091752290725708,0.7159199714660645,105.66799926757812,127.76200103759766
1.212444543838501,0.71288001537323,105.54299926757812,127.9489974975586
1.2166930437088013,0.7107200026512146,105.01200103759766,127.73699951171875
1.2151997089385986,0.7081699967384338,105.28700256347656,127.93499755859375
1.2169506549835205,0.7069399952888489,105.94599914550781,128.9320068359375
1.2160124778747559,0.7140100002288818,106.38999938964844,129.36700439453125
1.2090904712677002,0.715499997138977,106.4739990234375,128.72799682617188
1.2049063444137573,0.7179399728775024,106.84600067138672,128.73199462890625
1.208503007888794,0.7166000008583069,106.75399780273438,129.0050048828125
1.204833745956421,0.7182000279426575,107.05899810791016,128.98399353027344
1.196859359741211,0.7196800112724304,107.96099853515625,129.20599365234375
1.1924636363983154,0.7221199870109558,108.39600372314453,129.24400329589844
1.18519926071167,0.723360002040863,108.9260025024414,129.09100341796875
1.189668893814087,0.7200930118560791,108.56400299072266,129.15499877929688
1.1927480697631836,0.7178080081939697,108.43599700927734,129.30999755859375
1.198164463043213,0.7149800062179565,108.5739974975586,130.08599853515625
1.1951143741607666,0.7178300023078918,109.11399841308594,130.3939971923828
1.192733883857727,0.7194100022315979,109.11900329589844,130.14700317382812
1.1902097463607788,0.7192800045013428,109.02300262451172,129.75599670410156
1.198063850402832,0.7156599760055542,108.91000366210938,130.4770050048828
1.1917673349380493,0.7182300090789795,108.93199920654297,129.81100463867188
1.188452959060669,0.7228099703788757,108.87799835205078,129.3990020751953
1.1933317184448242,0.7214900255203247,108.7770004272461,129.802001953125
1.184118628501892,0.7279999852180481,108.52300262451172,128.4969940185547
1.1813768148422241,0.7304499745368958,108.78399658203125,128.51199340820312
1.1776067018508911,0.7273899912834167,109.18199920654297,128.56399536132812
1.1787601709365845,0.7251999974250793,109.77799987792969,129.38999938964844
1.1769136190414429,0.7259699702262878,109.83000183105469,129.25
1.172333002090454,0.727400004863739,110.29299926757812,129.28700256347656
1.1728966236114502,0.7252299785614014,110.73799896240234,129.875
1.181907296180725,0.7187399864196777,110.19400024414062,130.23899841308594
1.1875497102737427,0.7230299711227417,109.78299713134766,130.36700439453125
1.187197208404541,0.7277899980545044,109.87799835205078,130.4409942626953
1.1915684938430786,0.7279999852180481,109.32499694824219,130.25
1.1896406412124634,0.7294700145721436,109.71900177001953,130.51699829101562
1.191213607788086,0.7270500063896179,109.37999725341797,130.28599548339844
1.1957430839538574,0.7265999913215637,108.91699981689453,130.21499633789062
1.1982362270355225,0.7257999777793884,108.88600158691406,130.4600067138672
1.197074294090271,0.7254400253295898,108.65499877929688,130.06700134277344
1.1968307495117188,0.7236199975013733,108.69400024414062,130.0780029296875
1.2043839693069458,0.7146900296211243,108.1050033569336,130.18699645996094
1.2032536268234253,0.7174999713897705,108.13200378417969,130.10499572753906
1.203818440437317,0.7177309989929199,108.0270004272461,130.0399932861328
1.2017930746078491,0.7223299741744995,107.93599700927734,129.70199584960938
1.208956003189087,0.7211300134658813,107.88099670410156,130.41900634765625
1.2079205513000488,0.7196999788284302,108.18800354003906,130.66000366210938
1.2088537216186523,0.7192689776420593,108.73799896240234,131.4600067138672
1.2135775089263916,0.7164999842643738,108.50499725341797,131.67523193359375
1.2124886512756348,0.7168200016021729,108.91500091552734,132.0709991455078
1.2026457786560059,0.7236300110816956,109.29900360107422,131.42999267578125
1.2059816122055054,0.719219982624054,109.08599853515625,131.5489959716797
1.2016342878341675,0.720009982585907,109.32599639892578,131.32000732421875
1.2009127140045166,0.718779981136322,109.18900299072266,131.11399841308594
1.2065927982330322,0.7196099758148193,109.01399993896484,131.52999877929688
1.2167521715164185,0.7123780250549316,108.5999984741211,132.1300048828125
1.214211106300354,0.7075999975204468,108.83499908447266,132.14199829101562
1.214550256729126,0.7073500156402588,108.71900177001953,132.00999450683594
1.2080212831497192,0.711899995803833,109.51899719238281,132.27000427246094
1.2147568464279175,0.7092199921607971,109.41200256347656,132.91000366210938
1.215524673461914,0.7067899703979492,109.2760009765625,132.8209991455078
1.2226433753967285,0.7047200202941895,108.85700225830078,133.0489959716797
1.217285394668579,0.7088199853897095,109.26100158691406,132.97300720214844
1.2227928638458252,0.7048799991607666,108.83100128173828,133.05099487304688
1.2214486598968506,0.7063699960708618,108.8239974975586,132.91900634765625
1.2248897552490234,0.7070500254631042,108.79100036621094,133.2689971923828
1.2190364599227905,0.7085599899291992,109.18900299072266,133.1009979248047
1.2192742824554443,0.7040500044822693,109.84200286865234,133.88999938964844
1.223406195640564,0.7028599977493286,109.47799682617188,133.9290008544922
1.2218068838119507,0.7063800096511841,109.48300170898438,133.76400756835938
1.2211503982543945,0.7056099772453308,109.59300231933594,133.8070068359375
1.2130298614501953,0.7087000012397766,110.28600311279297,133.75999450683594
1.2165746688842773,0.7061200141906738,109.63200378417969,133.33999633789062
1.2189621925354004,0.7053930163383484,109.28800201416016,133.21299743652344
1.2171818017959595,0.7067999839782715,109.48799896240234,133.26199340820312
1.217730164527893,0.7086600065231323,109.6520004272461,133.51100158691406
1.2173150777816772,0.7056599855422974,109.39299774169922,133.16000366210938
1.2110790014266968,0.7081999778747559,109.74400329589844,132.88999938964844
1.212415099143982,0.7087000012397766,110.0250015258789,133.36000061035156
1.2125474214553833,0.710070013999939,110.07499694824219,133.46400451660156
1.199184536933899,0.7151299715042114,110.77999877929688,132.83999633789062
1.1913270950317383,0.7174100279808044,110.30799865722656,131.4080047607422
1.186901330947876,0.723770022392273,110.19200134277344,130.781005859375
1.1911568641662598,0.7182300090789795,110.38500213623047,131.4810028076172
1.1937447786331177,0.7169100046157837,110.68499755859375,132.1199951171875
1.1931607723236084,0.715910017490387,110.98600006103516,132.38999938964844
1.1942152976989746,0.7195799946784973,110.80400085449219,132.3260040283203
1.1930327415466309,0.7204999923706055,110.60399627685547,131.93600463867188
1.18999445438385,0.7224500179290771,110.52400207519531,131.51300048828125
1.1855363845825195,0.7231900095939636,111.12899780273438,131.7429962158203
1.184707760810852,0.7267600297927856,111.58399963378906,132.18499755859375
1.1861495971679688,0.7218499779701233,110.90699768066406,131.55099487304688
1.1820330619812012,0.724590003490448,110.56999969482422,130.6929931640625
1.179356575012207,0.7246599793434143,110.62200164794922,130.45899963378906
1.1846938133239746,0.7250000238418579,109.78800201416016,130.05499267578125
1.1873664855957031,0.7195000052452087,110.20800018310547,130.84100341796875
1.1864930391311646,0.7199599742889404,110.3280029296875,130.8990020751953
1.1774401664733887,0.7244099974632263,110.59600067138672,130.21600341796875
1.1833338737487793,0.7216500043869019,109.99400329589844,130.1529998779297
1.1813069581985474,0.7230799794197083,109.75700378417969,129.6510009765625
1.1811535358428955,0.7266299724578857,109.90399932861328,129.80499267578125
1.1792453527450562,0.7315999865531921,109.5270004272461,129.16400146484375
1.178550362586975,0.733430027961731,109.9260025024414,129.52099609375
1.1795234680175781,0.7292559742927551,110.23899841308594,129.9949951171875
1.1773570775985718,0.7260000109672546,110.12899780273438,129.65699768066406
1.1773016452789307,0.7268900275230408,110.54299926757812,130.13400268554688
1.1806375980377197,0.7232999801635742,110.30699920654297,130.21499633789062
1.1822398900985718,0.7201099991798401,109.78399658203125,129.79400634765625
1.1846797466278076,0.718999981880188,109.87899780273438,130.14999389648438
1.189202070236206,0.7161099910736084,109.39099884033203,130.07699584960938
1.1865352392196655,0.7196000218391418,109.69400024414062,130.14700317382812
1.1874933242797852,0.7198899984359741,109.27200317382812,129.7480010986328
1.186915397644043,0.7185999751091003,108.98600006103516,129.3470001220703
1.1839923858642578,0.7199299931526184,109.53500366210938,129.65499877929688
1.1833199262619019,0.717989981174469,109.7509994506836,129.86700439453125
1.1750881671905518,0.7210999727249146,110.26100158691406,129.5399932861328
1.1739004850387573,0.722100019454956,110.31800079345703,129.45899963378906
1.1719757318496704,0.7226999998092651,110.5989990234375,129.61399841308594
1.1742050647735596,0.7210599780082703,110.36499786376953,129.58299255371094
1.1736124753952026,0.7240300178527832,110.41200256347656,129.57699584960938
1.179634690284729,0.7211700081825256,109.59400177001953,129.2729949951172
1.177994966506958,0.7224000096321106,109.302001953125,128.71400451660156
1.1709601879119873,0.7278000116348267,109.54100036621094,128.25900268554688
1.1703845262527466,0.7275699973106384,109.85199737548828,128.56199645996094
1.1676785945892334,0.7335799932479858,109.78199768066406,128.1840057373047
1.1699738502502441,0.7337599992752075,109.86399841308594,128.52999877929688
1.1746740341186523,0.7286199927330017,109.6719970703125,128.80299377441406
1.1755025386810303,0.7284500002861023,109.74199676513672,128.9969940185547
1.177300214767456,0.7264999747276306,109.99700164794922,129.47500610351562
1.175295352935791,0.730139970779419,110.03800201416016,129.32000732421875
1.1799967288970947,0.7264699935913086,109.84100341796875,129.5989990234375
1.179940938949585,0.7267100214958191,109.93900299072266,129.68600463867188
1.1811953783035278,0.7270770072937012,110.06199645996094,129.97799682617188
1.1842306852340698,0.7260000109672546,110.10600280761719,130.3820037841797
1.1874228715896606,0.7226499915122986,109.94499969482422,130.54299926757812
1.187394618988037,0.7225300073623657,109.81900024414062,130.39199829101562
1.1845533847808838,0.7257000207901001,110.28900146484375,130.6219940185547
1.1820330619812012,0.7264000177383423,110.22000122070312,130.22000122070312
1.1823545694351196,0.722599983215332,109.77400207519531,129.78700256347656
1.1812511682510376,0.7225300073623657,109.90899658203125,129.82200622558594
1.1810698509216309,0.7224799990653992,109.99099731445312,129.90499877929688
1.18035888671875,0.7241899967193604,109.71199798583984,129.48500061035156
1.1819353103637695,0.7221800088882446,109.39099884033203,129.29100036621094
1.17648446559906,0.7246699929237366,109.68599700927734,129.03799438476562
1.1728830337524414,0.7283999919891357,109.9800033569336,128.97999572753906
1.1725666522979736,0.7320299744606018,109.43399810791016,128.31300354003906
1.1726078987121582,0.7321000099182129,109.15399932861328,127.96199798583984
1.1688934564590454,0.7342100143432617,109.80899810791016,128.3470001220703
1.1741775274276733,0.7287600040435791,110.322998046875,129.5330047607422
1.1722092628479004,0.7315599918365479,110.75,129.81700134277344
1.1696043014526367,0.7298740148544312,110.96199798583984,129.76800537109375
1.168688416481018,0.7384700179100037,111.51300048828125,130.31399536132812
1.1602274179458618,0.7448099851608276,111.9219970703125,129.83900451660156
1.1574207544326782,0.7424100041389465,111.46399688720703,129.0030059814453
1.160725712776184,0.7368699908256531,110.96299743652344,128.7949981689453
1.1616560220718384,0.7348799705505371,110.96900177001953,128.89700317382812
1.1595144271850586,0.7339100241661072,111.5199966430664,129.30499267578125
1.1555349826812744,0.7356899976730347,111.40699768066406,128.72999572753906
1.1559224128723145,0.7342399954795837,111.6729965209961,129.0780029296875
1.1565908193588257,0.73430997133255,112.27200317382812,129.82000732421875
1.15529465675354,0.7356799840927124,113.41100311279297,131.01600646972656
1.1530966758728027,0.7365300059318542,113.53600311279297,130.91099548339844
1.1599582433700562,0.7314900159835815,113.2959976196289,131.38499450683594
1.1590708494186401,0.7315999865531921,113.83599853515625,131.93800354003906
1.159595012664795,0.7267400026321411,114.30899810791016,132.54400634765625
1.1614537239074707,0.7279000282287598,114.29100036621094,132.75
1.1633858680725098,0.7249100208282471,114.5270004272461,133.2352294921875
1.165243148803711,0.7233999967575073,114.38300323486328,133.2779998779297
1.1625880002975464,0.7250999808311462,113.8479995727539,132.35446166992188
1.1641308069229126,0.7264000177383423,113.63800048828125,132.2790069580078
1.161170482635498,0.726419985294342,113.75599670410156,132.06100463867188
1.1598236560821533,0.7263000011444092,114.1780014038086,132.41600036621094
1.1598910093307495,0.7282000184059143,113.77100372314453,131.95399475097656
1.1683744192123413,0.7246000170707703,113.64399719238281,132.77200317382812
1.1559356451034546,0.730650007724762,114.21800231933594,132.0260009765625
1.1601735353469849,0.7321000099182129,114.08399963378906,132.35499572753906
1.158077597618103,0.7343500256538391,113.96700286865234,131.96099853515625
1.1615750789642334,0.7302700281143188,114.06600189208984,132.49099731445312
1.1556684970855713,0.7402200102806091,113.82499694824219,131.5229949951172
1.1568450927734375,0.7413100004196167,113.46299743652344,131.2469940185547
1.1588693857192993,0.7372599840164185,113.24299621582031,131.22900390625
1.159366488456726,0.7374100089073181,112.91300201416016,130.9010009765625
1.1485671997070312,0.7455599904060364,113.92900085449219,130.8459930419922
1.1447803974151611,0.7480999827384949,114.0479965209961,130.52000427246094
1.1442302465438843,0.7453299760818481,113.99099731445312,130.42300415039062
1.1367381811141968,0.7456600069999695,114.13099670410156,129.7310028076172
1.1316184997558594,0.744920015335083,114.91600036621094,130.03399658203125
1.1318106651306152,0.7413100004196167,114.20999908447266,129.25399780273438
1.1370097398757935,0.7408300042152405,114.31999969482422,129.94700622558594
1.1275737285614014,0.7444019913673401,114.13899993896484,128.6929931640625
1.1243535280227661,0.746399998664856,114.802001953125,129.05499267578125
1.1243914365768433,0.7476199865341187,115.15699768066406,129.47900390625
1.1209003925323486,0.7511199712753296,115.10199737548828,129.01199340820312
1.1291142702102661,0.7496500015258789,113.70500183105469,128.3730010986328
1.1293565034866333,0.7509400248527527,113.80699920654297,128.5260009765625
1.1330032348632812,0.7521100044250488,113.26300048828125,128.3260040283203
1.1319644451141357,0.7530500292778015,112.86299896240234,127.75700378417969
1.130684494972229,0.7518399953842163,113.0260009765625,127.79199981689453
1.1302627325057983,0.7556899785995483,113.01100158691406,127.7239990234375
1.1284515857696533,0.7539100050926208,113.48600006103516,128.02000427246094
1.1273066997528076,0.754800021648407,113.51599884033203,127.96399688720703
1.1344043016433716,0.7570000290870667,113.71399688720703,128.9929962158203
1.129407525062561,0.7561500072479248,113.43800354003906,128.13999938964844
1.1311193704605103,0.7542600035667419,113.51000213623047,128.38600158691406
1.1283371448516846,0.7568100094795227,113.5739974975586,128.14300537109375
1.1258726119995117,0.7557799816131592,113.73899841308594,128.03900146484375
1.1293054819107056,0.7539200186729431,114.15599822998047,128.9029998779297
1.1335426568984985,0.7505099773406982,113.68000030517578,128.85299682617188
1.1242523193359375,0.7558599710464478,113.5510025024414,127.6510009765625
1.1276754140853882,0.7570099830627441,113.65899658203125,128.16299438476562
1.1290504932403564,0.7535799741744995,114.01499938964844,128.69200134277344
1.1330161094665527,0.7489500045776367,114.1240005493164,129.25999450683594
1.132387399673462,0.7459790110588074,114.33799743652344,129.46099853515625
1.1329776048660278,0.7437999844551086,114.78800201416016,130.04600524902344
1.1313369274139404,0.744379997253418,114.76699829101562,129.83399963378906
1.1359764337539673,0.7408699989318848,114.95700073242188,130.58299255371094
1.1373846530914307,0.7395200133323669,115.13600158691406,130.9409942626953
1.1301988363265991,0.7416859865188599,115.31600189208984,130.3280029296875
1.1285407543182373,0.7390699982643127,116.16500091552734,131.0659942626953
1.129586100578308,0.7388799786567688,115.87000274658203,130.8820037841797
1.135344386100769,0.7357900142669678,115.62200164794922,131.26199340820312
1.1332728862762451,0.7362849712371826,115.28299713134766,130.6179962158203
1.1370097398757935,0.733460009098053,115.33100128173828,131.09800720214844
1.1439814567565918,0.7295600175857544,114.66999816894531,131.18299865722656
1.14565908908844,0.7292400002479553,114.10099792480469,130.6999969482422
1.141291856765747,0.7327079772949219,114.57099914550781,130.72300720214844
1.1330032348632812,0.7352499961853027,114.55599975585938,129.78700256347656
1.134352684020996,0.7347800135612488,114.34700012207031,129.7010040283203
1.1315417289733887,0.7352799773216248,113.94599914550781,128.9250030517578
1.1340954303741455,0.7377399802207947,113.78600311279297,129.03599548339844
1.132387399673462,0.7412999868392944,114.01499938964844,129.10400390625
1.130352258682251,0.7401700019836426,113.89099884033203,128.73199462890625
1.1242270469665527,0.7425100207328796,114.71700286865234,128.9459991455078
1.1146159172058105,0.7469099760055542,115.36799621582031,128.58599853515625
1.115138053894043,0.746150016784668,115.23899841308594,128.49899291992188
1.12291419506073,0.7439000010490417,115.14399719238281,129.2899932861328
1.1273066997528076,0.7394300103187561,114.7249984741211,129.32400512695312
1.1299946308135986,0.7372199892997742,114.36799621582031,129.22900390625
1.1435105800628662,0.7354999780654907,114.96900177001953,131.45799255371094
1.1454622745513916,0.7389000058174133,115.24600219726562,131.9969940185547
1.144086241722107,0.7386400103569031,115.06600189208984,131.61000061035156
1.1421130895614624,0.7381100058555603,115.54199981689453,131.96200561523438
1.142126202583313,0.7388799786567688,115.5999984741211,132.0260009765625
1.1411746740341187,0.7380200028419495,116.04900360107422,132.4250030517578
1.1365832090377808,0.7369099855422974,115.55899810791016,131.32699584960938
1.1306078433990479,0.7389199733734131,115.54199981689453,130.6219940185547
1.135563611984253,0.7384899854660034,115.63999938964844,131.31100463867188
1.1373329162597656,0.7362499833106995,115.39399719238281,131.22999572753906
1.1363893747329712,0.7344599962234497,114.85600280761719,130.51499938964844
1.1309658288955688,0.7355499863624573,114.58300018310547,129.58399963378906
1.1330546140670776,0.7357900142669678,115.10199737548828,130.41099548339844
1.1305949687957764,0.7383000254631042,114.91600036621094,129.91200256347656
1.1190814971923828,0.7478200197219849,115.5469970703125,129.2989959716797
1.118105411529541,0.7479400038719177,115.58799743652344,129.21800231933594
1.1214659214019775,0.7450000047683716,115.08200073242188,129.05599975585938
1.1131023168563843,0.75,114.81500244140625,127.7969970703125
1.1113580465316772,0.7464200258255005,115.49700164794922,128.35699462890625
1.1069294214248657,0.748989999294281,115.4800033569336,127.78399658203125
1.087393879890442,0.7568600177764893,114.93699645996094,124.96299743652344
1.08695650100708,0.7625399827957153,115.36900329589844,125.35900115966797
1.0900845527648926,0.7632099986076355,115.74199676513672,126.16000366210938
1.1073338985443115,0.7582399845123291,115.91100311279297,128.343994140625
1.1012123823165894,0.7631800174713135,116.15899658203125,127.90799713134766
1.0932546854019165,0.7663099765777588,117.50399780273438,128.4550018310547
1.094534993171692,0.768589973449707,118.21800231933594,129.38900756835938
1.0967316627502441,0.7665770053863525,118.31199645996094,129.75
1.102244257926941,0.7609900236129761,118.89099884033203,131.03900146484375
1.1098902225494385,0.759850025177002,118.48500061035156,131.4980010986328
1.1042159795761108,0.7598400115966797,119.26100158691406,131.68479919433594
1.1016370058059692,0.7594199776649475,119.59400177001953,131.74200439453125
1.1030100584030151,0.753600001335144,121.26499938964844,133.75
1.1006306409835815,0.7572000026702881,121.13800048828125,133.31900024414062
1.100897192955017,0.7578099966049194,122.3499984741211,134.68800354003906
1.098189115524292,0.758899986743927,122.2699966430664,134.26800537109375
1.0993843078613281,0.7633600234985352,123.66000366210938,135.94500732421875
1.1091516017913818,0.7637699842453003,123.125,136.55499267578125
1.1161835193634033,0.7612199783325195,122.02100372314453,136.18699645996094
1.1072357892990112,0.760699987411499,121.75599670410156,134.80299377441406
1.1047282218933105,0.7630599737167358,122.61000061035156,135.40499877929688
1.0975863933563232,0.7626000046730042,122.80899810791016,134.77000427246094
1.090643286705017,0.764739990234375,123.65599822998047,134.8560028076172
1.0898232460021973,0.7650099992752075,123.7229995727539,134.82899475097656
1.0864840745925903,0.7651900053024292,124.09600067138672,134.81700134277344
1.0884946584701538,0.767490029335022,124.38500213623047,135.3800048828125
1.0877959728240967,0.7678400278091431,125.47200012207031,136.47999572753906
1.0826143026351929,0.7690240144729614,125.41600036621094,135.76699829101562
1.089656949043274,0.7620700001716614,125.37699890136719,136.60699462890625
1.0781787633895874,0.768779993057251,127.0979995727539,137.02999877929688
1.0794472694396973,0.7682999968528748,129.33299255371094,139.60000610351562
1.0849870443344116,0.7652199864387512,128.01300048828125,138.88400268554688
1.0835175514221191,0.7678099870681763,128.4080047607422,139.12600708007812
1.0811045169830322,0.77947998046875,128.60499572753906,139.0279998779297
1.0714209079742432,0.785099983215332,127.74400329589844,136.86700439453125
1.0643619298934937,0.7946299910545349,127.26599884033203,135.4499969482422
1.0555092096328735,0.797469973564148,128.3939971923828,135.5279998779297
1.0504201650619507,0.802049994468689,130.81100463867188,137.39100646972656
1.0535964965820312,0.7953050136566162,130.01100158691406,136.9709930419922
1.0509058237075806,0.7999299764633179,130.11199951171875,136.7519989013672
1.0528532266616821,0.8000400066375732,130.11599731445312,136.9600067138672
1.0622477531433105,0.792460024356842,129.22300720214844,137.2480010986328
1.0539740324020386,0.8086400032043457,130.3300018310547,137.36700439453125
1.053219199180603,0.8111000061035156,130.74899291992188,137.697998046875
1.056579828262329,0.8107100129127502,130.3769989013672,137.7429962158203
1.0532968044281006,0.8125100135803223,130.3509979248047,137.25999450683594
1.05124831199646,0.8173499703407288,129.8350067138672,136.48300170898438
1.0379581451416016,0.819379985332489,128.58799743652344,133.45799255371094
1.0400632619857788,0.815559983253479,129.4320068359375,134.60299682617188
1.0438958406448364,0.8112199902534485,128.92300415039062,134.572998046875
1.0547856092453003,0.8006100058555603,129.45399475097656,136.5399932861328
1.0472739934921265,0.8098700046539307,127.91400146484375,133.95199584960938
1.057898759841919,0.8022099733352661,127.83200073242188,135.2209930419922
1.0569819211959839,0.799560010433197,127.90299987792969,135.18299865722656
1.0682048797607422,0.7956900000572205,127.84600067138672,136.5590057373047
1.0736525058746338,0.7973499894142151,126.76899719238281,136.06199645996094
1.0732953548431396,0.7924799919128418,127.04499816894531,136.33999633789062
1.0773539543151855,0.7908099889755249,127.78399658203125,137.66000366210938
1.0734105110168457,0.7930399775505066,128.73599243164062,138.1840057373047
1.0654165744781494,0.801010012626648,130.1219940185547,138.58399963378906
1.0751069784164429,0.7950500249862671,129.91799926757812,139.66799926757812
1.0691413879394531,0.798520028591156,132.17599487304688,141.3040008544922
1.0698620080947876,0.7945299744606018,132.8470001220703,142.10400390625
1.071765422821045,0.7973099946975708,134.42999267578125,144.07000732421875
1.0619205236434937,0.8004000186920166,134.41799926757812,142.72999572753906
1.0489987134933472,0.8144599795341492,134.81399536132812,141.40499877929688
1.0415147542953491,0.8234500288963318,134.22500610351562,139.79200744628906
1.0440592765808105,0.8324000239372253,135.29400634765625,141.21499633789062
1.0456204414367676,0.8209199905395508,134.11500549316406,140.218994140625
1.0546854734420776,0.8097000122070312,132.42100524902344,139.66400146484375
1.0520778894424438,0.81632000207901,135.08700561523438,142.10699462890625
1.053263545036316,0.8153899908065796,136.2689971923828,143.51800537109375
1.0564124584197998,0.8161100149154663,136.0240020751953,143.67999267578125
1.0566133260726929,0.8137999773025513,135.06199645996094,142.697998046875
1.0580891370773315,0.8151599764823914,135.43499755859375,143.29400634765625
1.0523545742034912,0.8205900192260742,136.0469970703125,143.1580047607422
1.04465913772583,0.8243299722671509,136.58900451660156,142.677001953125
1.0477677583694458,0.8223699927330017,135.78599548339844,142.26400756835938
1.0433186292648315,0.8254899978637695,135.83999633789062,141.71600341796875
1.0257673263549805,0.8368499875068665,135.52099609375,139.00799560546875
1.0186411142349243,0.8389999866485596,135.96600341796875,138.4499969482422
1.0169836282730103,0.8311200141906738,135.91299438476562,138.18699645996094
1.0166114568710327,0.832099974155426,136.30099487304688,138.55599975585938
1.004752516746521,0.8403400182723999,137.38800048828125,138.00999450683594
1.0033109188079834,0.8415600061416626,136.7259979248047,137.14500427246094
1.0032706260681152,0.8430299758911133,137.6280059814453,138.0780029296875
1.0025665760040283,0.8446900248527527,138.9669952392578,139.32899475097656
1.009631872177124,0.841189980506897,138.31399536132812,139.63600158691406
1.0145177841186523,0.8367699980735779,138.22900390625,140.22900390625
1.0231330394744873,0.8330399990081787,138.1909942626953,141.38400268554688
1.0182781219482422,0.8356900215148926,138.39500427246094,140.91600036621094
1.0221081972122192,0.833549976348877,137.09800720214844,140.12600708007812
1.0200231075286865,0.8344299793243408,136.31199645996094,139.03199768066406
1.022494912147522,0.8293499946594238,136.43099975585938,139.46800231933594
1.0129557847976685,0.8306900262832642,136.97000122070312,138.73500061035156
1.0209290981292725,0.8219199776649475,136.11099243164062,138.91099548339844
1.0192328691482544,0.8213899731636047,134.39700317382812,136.97300720214844
1.0261356830596924,0.8156899809837341,131.57200622558594,135.0019989013672
1.015568733215332,0.8231899738311768,133.37899780273438,135.44400024414062
1.015764594078064,0.8237599730491638,133.96200561523438,136.06199645996094
1.024779200553894,0.8224200010299683,132.62100219726562,135.8990020751953
1.0170871019363403,0.8289200067520142,135.0570068359375,137.35800170898438
1.0197629928588867,0.8274700045585632,134.83999633789062,137.4949951171875
1.0208144187927246,0.8283200263977051,135.18699645996094,138.01300048828125
1.0300782918930054,0.818809986114502,132.8300018310547,136.8070068359375
1.0316723585128784,0.8198999762535095,132.99400329589844,137.25399780273438
1.0256409645080566,0.8244100213050842,133.28799438476562,136.67799377441406
1.0161981582641602,0.8294900059700012,133.14300537109375,135.31121826171875
1.0170663595199585,0.8266699910163879,134.27699279785156,136.57200622558594
1.0180189609527588,0.8301600217819214,134.94400024414062,137.32899475097656
1.0089900493621826,0.8379600048065186,135.7949981689453,137.01199340820312
1.0035223960876465,0.8461899757385254,137.04100036621094,137.51499938964844
0.9939467906951904,0.8498299717903137,137.54600524902344,136.6999969482422
0.9966909885406494,0.8452000021934509,136.73300170898438,136.27699279785156
0.9969095587730408,0.8481600284576416,137.08099365234375,136.63999938964844
0.9971283078193665,0.8456000089645386,136.56300354003906,136.16600036621094
0.993867814540863,0.8553000092506409,137.6300048828125,137.30099487304688
1.0014019012451172,0.8531500101089478,138.5959930419922,138.7310028076172
1.0025062561035156,0.8575699925422668,138.73399353027344,139.07000732421875
1.003905177116394,0.8622999787330627,139.29600524902344,139.83200073242188
0.995232880115509,0.8659999966621399,140.08099365234375,139.4040069580078
0.9952229857444763,0.8643900156021118,140.42999267578125,139.72799682617188
0.9897951483726501,0.8686000108718872,143.1510009765625,141.6790008544922
0.9995701909065247,0.8678699731826782,144.1280059814453,144.05599975585938
1.0012015104293823,0.8680199980735779,143.8560028076172,143.99000549316406
1.0071406364440918,0.860729992389679,142.5959930419922,143.60499572753906
1.0129557847976685,0.8554499745368958,142.5850067138672,144.4239959716797
0.9982032775878906,0.8693000078201294,144.4040069580078,144.10499572753906
0.9984025359153748,0.8663300275802612,142.92300415039062,142.6699981689453
0.9988313317298889,0.8730000257492065,143.36500549316406,143.19000244140625
1.002234935760498,0.8744000196456909,142.76499938964844,143.0760040283203
1.0029587745666504,0.8734800219535828,143.22300720214844,143.63699340820312
0.997078537940979,0.8786799907684326,143.6020050048828,143.17747497558594
0.983071506023407,0.888480007648468,144.3159942626953,141.8730010986328
0.9841550588607788,0.8878600001335144,142.27999877929688,139.99899291992188
0.968992292881012,0.9259999990463257,143.51100158691406,139.00100708007812
0.9623712301254272,0.9284999966621399,144.45899963378906,139.0030059814453
0.9596191644668579,0.9320999979972839,144.6909942626953,138.83299255371094
0.9708172082901001,0.9229699969291687,144.3979949951172,140.1739959716797
0.9829555749893188,0.8959100246429443,144.43099975585938,141.96200561523438
0.9792688488960266,0.8979499936103821,144.8159942626953,141.80499267578125
0.9832068681716919,0.8818600177764893,144.5189971923828,142.08299255371094
0.998432457447052,0.8733199834823608,143.78700256347656,143.5540008544922
0.9910998940467834,0.8805999755859375,144.44900512695312,143.1479949951172
0.9789045453071594,0.8956400156021118,145.03900146484375,141.9709930419922
0.9735012650489807,0.9029800295829773,145.48199462890625,141.61700439453125
0.9710057377815247,0.902649998664856,145.6739959716797,141.44200134277344
0.9700167775154114,0.9117599725723267,145.8699951171875,141.49099731445312
0.9707984328269958,0.9009600281715393,146.73699951171875,142.4429931640625
0.975134015083313,0.8848400115966797,147.29299926757812,143.88999938964844
0.973937451839447,0.8897799849510193,148.6320037841797,144.7480010986328
0.9846396446228027,0.880649983882904,148.9709930419922,146.63600158691406
0.9863878488540649,0.8818699717521667,149.20899963378906,147.1699981689453
0.9766482710838318,0.8920999765396118,149.8209991455078,146.31199645996094
0.9778899550437927,0.8908399939537048,150.17599487304688,146.8419952392578
0.9860085844993591,0.8821099996566772,147.81900024414062,145.72799682617188
0.9886503219604492,0.8845300078392029,148.88699340820312,147.1790008544922
0.9963731169700623,0.8725500106811523,147.97999572753906,147.43099975585938
1.009193778038025,0.8595899939537048,146.13400268554688,147.46400451660156
0.9967803955078125,0.8644999861717224,146.2740020751953,145.79299926757812
0.9955002665519714,0.8620100021362305,147.81199645996094,147.13800048828125
0.9886307716369629,0.8716999888420105,148.73699951171875,147.02999877929688
0.9877909421920776,0.8701599836349487,147.9149932861328,146.12399291992188
0.9814409017562866,0.8785600066184998,147.89199829101562,145.12600708007812
0.9749630093574524,0.8951900005340576,148.39300537109375,144.66200256347656
0.9928810596466064,0.8820000290870667,146.84100341796875,145.78500366210938
1.0018634796142578,0.8685500025749207,146.62399291992188,146.88600158691406
1.008084774017334,0.8658900260925293,145.2949981689453,146.45599365234375
1.0019538402557373,0.879580020904541,146.20899963378906,146.468994140625
1.0192224979400635,0.8547599911689758,141.73399353027344,144.44200134277344
1.0328551530838013,0.8476399779319763,139.55299377441406,144.1280059814453
1.0319278240203857,0.8508800268173218,140.11500549316406,144.58099365234375
1.0357863903045654,0.8416699767112732,138.96499633789062,143.9290008544922
1.0395010709762573,0.8389999866485596,139.32200622558594,144.8000030517578
1.036172866821289,0.843209981918335,140.41200256347656,145.4810028076172
1.0330898761749268,0.8412799835205078,140.2530059814453,144.8887176513672
1.0245691537857056,0.8457000255584717,142.09800720214844,145.5749969482422
1.0311086177825928,0.8404099941253662,141.15499877929688,145.54400634765625
1.040810227394104,0.8257499933242798,138.60299682617188,144.24899291992188
1.0367528200149536,0.8291500210762024,139.30999755859375,144.38999938964844
1.034554123878479,0.8359000086784363,138.718994140625,143.47799682617188
1.0324499607086182,0.8372499942779541,138.7449951171875,143.23599243164062
1.042535424232483,0.8281199932098389,137.35899353027344,143.16299438476562
1.052842140197754,0.8160300254821777,135.14999389648438,142.28399658203125
1.0544185638427734,0.8131700158119202,134.47500610351562,141.78199768066406
1.0496923923492432,0.8201000094413757,136.65199279785156,143.43299865722656
1.0469011068344116,0.8241400122642517,136.88600158691406,143.28399658203125
1.051325798034668,0.8187699913978577,136.38099670410156,143.3730010986328
1.0559661388397217,0.8173400163650513,136.61399841308594,144.22300720214844
1.0522217750549316,0.8172100186347961,136.71200561523438,143.83900451660156
1.0541739463806152,0.8149899840354919,137.50399780273438,144.9499969482422
1.062665343284607,0.8093500137329102,135.58399963378906,144.0679931640625
1.0676347017288208,0.8051999807357788,135.34800720214844,144.49899291992188
1.064056158065796,0.8202599883079529,137.75100708007812,146.55140686035156
1.05850350856781,0.8223199844360352,136.02999877929688,144.54400634765625
1.0614584684371948,0.822638988494873,136.9949951171875,145.36300659179688
1.062699317932129,0.8203999996185303,131.89199829101562,140.1280059814453
1.0610079765319824,0.828000009059906,132.3699951171875,140.38999938964844
1.060333013534546,0.8306400179862976,132.35699462890625,140.28399658203125
1.064022183418274,0.8275700211524963,132.76400756835938,141.25
1.0637166500091553,0.8314099907875061,133.48599243164062,141.9759979248047
1.062925100326538,0.8310499787330627,134.03399658203125,142.45599365234375
1.066075325012207,0.8294199705123901,132.91600036621094,141.69400024414062
1.0677714347839355,0.8289099931716919,130.79400634765625,139.6490020751953
1.0546854734420776,0.8355799913406372,131.2480010986328,138.40899658203125
1.0606365203857422,0.8296899795532227,132.24600219726562,140.25399780273438
1.0656323432922363,0.8250300288200378,131.86199951171875,140.5070037841797
1.073318362236023,0.8206999897956848,131.72900390625,141.3730010986328
1.0738946199417114,0.8227400183677673,132.1009979248047,141.8520050048828
1.0766000747680664,0.8223599791526794,131.90199279785156,141.99200439453125
1.0860239267349243,0.8185700178146362,129.1719970703125,140.27499389648438
1.0830129384994507,0.8190799951553345,128.3209991455078,138.9600067138672
1.0793308019638062,0.8140900135040283,128.281005859375,138.4010009765625
1.0797853469848633,0.8099300265312195,128.53900146484375,138.79299926757812
1.083388328552246,0.8069700002670288,128.3699951171875,139.0679931640625
1.0864723920822144,0.8059800267219543,129.38499450683594,140.69000244140625
1.0874292850494385,0.8077999949455261,130.5970001220703,141.9720001220703
1.088814616203308,0.8108699917793274,130.23899841308594,141.79200744628906
1.0922038555145264,0.8057000041007996,129.23699951171875,141.13999938964844
1.0894432067871094,0.8054800033569336,129.8000030517578,141.39300537109375
1.0871455669403076,0.8063700199127197,129.85400390625,141.16200256347656
1.0850694179534912,0.8095700144767761,130.47900390625,141.56900024414062
1.0860947370529175,0.8124899864196777,130.11000061035156,141.3000030517578
1.1012852191925049,0.8071900010108948,128.6219940185547,141.63699340820312
1.0905125141143799,0.8181999921798706,128.74600219726562,140.3800048828125
1.079086184501648,0.8302500247955322,132.00900268554688,142.43699645996094
1.0730764865875244,0.8314499855041504,132.6230010986328,142.27999877929688
1.0729728937149048,0.82955002784729,131.04200744628906,140.59800720214844
1.0715816020965576,0.8282999992370605,131.38699340820312,140.78700256347656
1.0742292404174805,0.8253099918365479,131.5189971923828,141.24000549316406
1.0677714347839355,0.8297899961471558,131.55099487304688,140.45899963378906
1.0730419158935547,0.8229600191116333,132.33700561523438,141.99400329589844
1.0735719203948975,0.821370005607605,132.99099731445312,142.7689971923828
1.0691757202148438,0.8304399847984314,133.9029998779297,143.15199279785156
1.0665756464004517,0.835099995136261,134.07400512695312,142.99099731445312
1.068261981010437,0.8307600021362305,134.33599853515625,143.5
1.065200924873352,0.8257700204849243,134.9759979248047,143.7949981689453
1.0605803728103638,0.8299400210380554,134.9320068359375,143.0989990234375
1.0598047971725464,0.8321300148963928,134.6280059814453,142.66400146484375
1.0554758310317993,0.8367400169372559,136.39500427246094,143.9499969482422
1.0611205101013184,0.828980028629303,136.31700134277344,144.60899353027344
1.0577309131622314,0.8311600089073181,136.34800720214844,144.2050018310547
1.066894292831421,0.8312299847602844,136.19400024414062,145.29299926757812
1.0599732398986816,0.8367900252342224,136.7050018310547,144.89599609375
1.0626201629638672,0.8312199711799622,135.8699951171875,144.5240020751953
1.0688328742980957,0.8314800262451172,135.99899291992188,145.31100463867188
1.05507493019104,0.8453500270843506,137.39100646972656,144.91799926757812
1.0549525022506714,0.8439199924468994,137.2259979248047,144.75900268554688
1.0584698915481567,0.8386499881744385,136.39500427246094,144.35499572753906
1.0683646202087402,0.8280100226402283,134.97000122070312,143.64999389648438
1.0725010633468628,0.8218200206756592,133.11399841308594,142.7429962158203
1.0727657079696655,0.8229100108146667,134.39700317382812,144.16900634765625
1.0583354234695435,0.8286200165748596,132.9290008544922,140.6750030517578
1.0614134073257446,0.8256409764289856,133.3679962158203,141.552001953125
1.0678855180740356,0.8204699754714966,132.28399658203125,141.2530059814453
1.071914792060852,0.8146799802780151,131.39199829101562,140.83900451660156
1.0774236917495728,0.8179399967193604,132.34800720214844,142.5850067138672
1.0870392322540283,0.8144199848175049,131.1790008544922,142.58700561523438
1.0835057497024536,0.8143699765205383,130.86500549316406,141.78399658203125
1.077818512916565,0.8168699741363525,130.8459930419922,141.02099609375
1.0807071924209595,0.8131899833679199,131.23300170898438,141.8179931640625
1.0839520692825317,0.8106200098991394,131.04600524902344,142.03799438476562
1.0843634605407715,0.8122699856758118,132.5760040283203,143.7550048828125
1.0904649496078491,0.8072800040245056,133.2010040283203,145.24099731445312
1.0803335905075073,0.8137400150299072,133.3470001220703,144.04600524902344
1.091226577758789,0.8050900101661682,132.2989959716797,144.3179931640625
1.0960105657577515,0.800029993057251,131.48500061035156,144.00999450683594
1.090334177017212,0.8022599816322327,130.9340057373047,142.72000122070312
1.086932897567749,0.8067700266838074,133.468994140625,145.06199645996094
1.0917507410049438,0.8044999837875366,133.593994140625,145.84300231933594
1.0999890565872192,0.8005499839782715,133.0850067138672,146.3509979248047
1.1054610013961792,0.798520028591156,132.48699951171875,146.41900634765625
1.098659634590149,0.8063200116157532,133.9709930419922,147.1300048828125
1.0925379991531372,0.8081300258636475,134.4250030517578,146.8730010986328
1.0975382328033447,0.8045300245285034,134.04400634765625,147.10800170898438
1.095218300819397,0.8045799732208252,134.70399475097656,147.51499938964844
1.0970927476882935,0.8039000034332275,133.99600219726562,146.96099853515625
1.0992271900177002,0.8033199906349182,133.96099853515625,147.24200439453125
1.1059499979019165,0.800029993057251,134.08399963378906,148.24000549316406
1.0978394746780396,0.805400013923645,133.71099853515625,146.78500366210938
1.1047282218933105,0.801829993724823,133.46499633789062,147.38600158691406
1.1032048463821411,0.7999600172042847,133.802001953125,147.51199340820312
1.0969241857528687,0.8008099794387817,137.52099609375,150.8820037841797
1.1010911464691162,0.8012999892234802,136.46600341796875,150.2565460205078
1.1068925857543945,0.7956299781799316,134.54400634765625,148.91600036621094
1.102292776107788,0.7947499752044678,134.1790008544922,147.8939971923828
1.10186767578125,0.791700005531311,135.19900512695312,148.96299743652344
1.0996140241622925,0.7928500175476074,135.072998046875,148.51800537109375
1.096467137336731,0.7920399904251099,135.28799438476562,148.33099365234375
1.098406195640564,0.7918300032615662,134.08700561523438,147.2899932861328
1.0912145376205444,0.7993500232696533,134.4980010986328,146.76246643066406
1.0852696895599365,0.8029699921607971,135.82200622558594,147.39500427246094
1.0873701572418213,0.7983400225639343,136.0449981689453,147.92300415039062
1.0865668058395386,0.8008300065994263,136.42999267578125,148.22900390625
1.0775396823883057,0.8055999875068665,138.6199951171875,149.3699951171875
1.0822745561599731,0.8024899959564209,137.69200134277344,149.01300048828125
1.0811045169830322,0.8041200041770935,138.6719970703125,149.91000366210938
1.076971173286438,0.8052499890327454,138.59800720214844,149.25799560546875
1.0757315158843994,0.8085100054740906,139.2830047607422,149.8179931640625
1.0724436044692993,0.8117499947547913,140.01699829101562,150.1490020751953
1.0707669258117676,0.8098899722099304,140.4409942626953,150.37100219726562
1.073306918144226,0.8054999709129333,139.79200744628906,150.01199340820312
1.0695186853408813,0.8034999966621399,139.1269989013672,148.76300048828125
1.0760787725448608,0.7981100082397461,138.7480010986328,149.29400634765625
1.0698620080947876,0.8045099973678589,140.20700073242188,149.97900390625
1.0698047876358032,0.8044099807739258,139.52699279785156,149.25599670410156
1.0707440376281738,0.8033900260925293,139.8990020751953,149.78799438476562
1.078271746635437,0.7962499856948853,138.86300659179688,149.72000122070312
1.0750954151153564,0.7950299978256226,139.37100219726562,149.82000732421875
1.0762988328933716,0.799049973487854,139.4600067138672,150.09100341796875
1.078934907913208,0.7932000160217285,140.177001953125,151.23199462890625
1.084304690361023,0.7891700267791748,139.9770050048828,151.76499938964844
1.0945948362350464,0.7820900082588196,140.26800537109375,153.52699279785156
1.0924304723739624,0.7815600037574768,141.8990020751953,155.0070037841797
1.0920368432998657,0.7834100127220154,141.3350067138672,154.33599853515625
1.0992635488510132,0.7830100059509277,141.68800354003906,155.73699951171875
1.0906671285629272,0.7853900194168091,143.54100036621094,156.54800415039062
1.091048002243042,0.7868300080299377,143.4600067138672,156.51199340820312
1.0957223176956177,0.7846500277519226,143.8820037841797,157.63800048828125
1.0915838479995728,0.7910599708557129,144.38900756835938,157.60800170898438
1.0868029594421387,0.79271000623703,144.77999877929688,157.34800720214844
1.0907504558563232,0.7878000140190125,144.3979949951172,157.49200439453125
1.0884946584701538,0.786109983921051,144.406005859375,157.13999938964844
1.0856584310531616,0.7870100140571594,144.48899841308594,156.84300231933594
1.0890636444091797,0.7847899794578552,143.9510040283203,156.75999450683594
1.0969723463058472,0.7789000272750854,142.20899963378906,155.9499969482422
1.100594401359558,0.7774099707603455,141.2969970703125,155.49099731445312
1.101406455039978,0.7731000185012817,140.1179962158203,154.3090057373047
1.1144545078277588,0.769349992275238,138.31500244140625,154.07000732421875
1.1223469972610474,0.7615299820899963,138.0749969482422,154.95599365234375
1.1227755546569824,0.7638700008392334,138.6820068359375,155.70399475097656
1.1237596273422241,0.7650600075721741,138.72900390625,155.88699340820312
1.1228890419006348,0.7671599984169006,139.02699279785156,156.10299682617188
1.120523452758789,0.7728099822998047,139.59800720214844,156.41400146484375
1.113709807395935,0.7770199775695801,139.86399841308594,155.718994140625
1.112532615661621,0.7781000137329102,141.75,157.6929931640625
1.1063170433044434,0.780489981174469,141.52200317382812,156.54600524902344
1.1050456762313843,0.7755900025367737,140.91299438476562,155.70899963378906
1.1078368425369263,0.7734799981117249,140.36700439453125,155.49400329589844
1.0978755950927734,0.7815999984741211,138.86399841308594,152.43099975585938
1.1024264097213745,0.7779800295829773,140.75799560546875,155.16799926757812
1.1007881164550781,0.781790018081665,142.97000122070312,157.35400390625
1.0944151878356934,0.7863100171089172,143.343994140625,156.86099243164062
1.095158338546753,0.7864000201225281,142.59800720214844,156.15499877929688
1.1002674102783203,0.7842400074005127,141.87600708007812,156.0959930419922
1.100315809249878,0.7821099758148193,142.5240020751953,156.8090057373047
1.0958904027938843,0.7846599817276001,143.2779998779297,157.0019989013672
1.0977671146392822,0.7862300276756287,143.7270050048828,157.7689971923828
1.0981649160385132,0.7894999980926514,144.85400390625,159.06399536132812
1.094439148902893,0.7877100110054016,144.81700134277344,158.48800659179688
1.0909883975982666,0.7882599830627441,145.43699645996094,158.63400268554688
1.0904173851013184,0.7873899936676025,145.60800170898438,158.76800537109375
1.0874884128570557,0.7857300043106079,146.33299255371094,159.12399291992188
1.0874648094177246,0.7844399809837341,145.71400451660156,158.447998046875
1.087559461593628,0.784820020198822,145.30499267578125,158.02000427246094
1.0898351669311523,0.7836199998855591,146.23800659179688,159.36700439453125
1.0846692323684692,0.7854400277137756,145.76300048828125,158.10299682617188
1.086578607559204,0.786109983921051,144.67300415039062,157.1909942626953
1.07991361618042,0.7940700054168701,146.06700134277344,157.72500610351562
1.0797386169433594,0.794160008430481,146.531005859375,158.20799255371094
1.0825556516647339,0.7928329706192017,146.46400451660156,158.5449981689453
1.0869210958480835,0.7911999821662903,145.98800659179688,158.66900634765625
1.0932546854019165,0.7865899801254272,146.0989990234375,159.66799926757812
1.0844104290008545,0.7891799807548523,145.47300720214844,157.74899291992188
1.0794472694396973,0.7919999957084656,146.54299926757812,158.13600158691406
1.0726161003112793,0.7956500053405762,147.4709930419922,158.1300048828125
1.0724204778671265,0.800029993057251,147.70899963378906,158.39700317382812
1.0697818994522095,0.8015699982643127,147.33099365234375,157.60299682617188
1.071811318397522,0.8007000088691711,147.11300659179688,157.6540069580078
1.0750375986099243,0.7995200157165527,146.67799377441406,157.64100646972656
1.075326681137085,0.8003000020980835,147.1580047607422,158.22500610351562
1.0734220743179321,0.800790011882782,147.3459930419922,158.1320037841797
1.0637166500091553,0.8064200282096863,147.48199462890625,156.8459930419922
1.0668259859085083,0.8066099882125854,147.8679962158203,157.74099731445312
1.0692671537399292,0.8073599934577942,147.60499572753906,157.81500244140625
1.0682048797607422,0.806879997253418,147.74200439453125,157.80499267578125
1.065303087234497,0.8111900091171265,148.3209991455078,157.9720001220703
1.0661548376083374,0.8135300278663635,147.6439971923828,157.39700317382812
1.0648492574691772,0.8168100118637085,148.4340057373047,158.04400634765625
1.0591648817062378,0.8187100291252136,148.81100463867188,157.6009979248047
1.0569483041763306,0.8232799768447876,149.0449981689453,157.51699829101562
1.0505305528640747,0.8239099979400635,149.4980010986328,157.04200744628906
1.0562450885772705,0.819100022315979,149.33700561523438,157.7310028076172
1.0565240383148193,0.8202700018882751,149.5399932861328,157.96200561523438
1.0480751991271973,0.827210009098053,149.8509979248047,157.04200744628906
1.0472300052642822,0.8279200196266174,149.19200134277344,156.16000366210938
1.0507071018218994,0.82396000623703,148.96600341796875,156.5070037841797
1.0546631813049316,0.8204299807548523,148.46299743652344,156.56300354003906
1.056747317314148,0.8181999921798706,149.16000366210938,157.61599731445312
1.0578875541687012,0.8161600232124329,148.32699584960938,156.90914916992188
1.0604791641235352,0.813539981842041,148.6280059814453,157.5989990234375
1.0624282360076904,0.8118900060653687,149.03599548339844,158.32899475097656
1.0536741018295288,0.8207499980926514,149.7899932861328,157.81199645996094
1.0521553754806519,0.8227199912071228,149.5659942626953,157.35499572753906
1.0554312467575073,0.8188300132751465,149.5780029296875,157.86300659179688
1.057305932044983,0.821150004863739,149.75900268554688,158.30999755859375
1.053851842880249,0.8234800100326538,149.74200439453125,157.78900146484375
1.0586491823196411,0.8239099979400635,149.802001953125,158.54800415039062
1.0589966773986816,0.8221099972724915,149.8800048828125,158.71200561523438
1.0669853687286377,0.8162299990653992,149.7689971923828,159.7899932861328
1.059535264968872,0.8221499919891357,149.85400390625,158.76400756835938
1.056725025177002,0.8263000249862671,150.09800720214844,158.5989990234375
1.0564459562301636,0.823989987373352,150.36599731445312,158.8419952392578
1.0562450885772705,0.8255500197410583,149.73300170898438,158.14599609375
1.061503529548645,0.8220170140266418,149.11099243164062,158.2449951171875
1.0579099655151367,0.8229600191116333,151.29400634765625,160.05799865722656
1.05870521068573,0.8207299709320068,150.5749969482422,159.41000366210938
1.0619093179702759,0.8202800154685974,150.4969940185547,159.75399780273438
1.0732147693634033,0.8082600235939026,149.44900512695312,160.3820037841797
1.0721560716629028,0.8100799918174744,149.98899841308594,160.7550048828125
1.0696102380752563,0.8136600255966187,150.39599609375,160.8520050048828
1.0710422992706299,0.8139299750328064,150.86399841308594,161.5679931640625
1.0667576789855957,0.8185999989509583,151.3489990234375,161.4320068359375
1.069015622138977,0.8176400065422058,151.468994140625,161.91099548339844
1.0701825618743896,0.8143100142478943,151.64599609375,162.27000427246094
1.0878314971923828,0.8003799915313721,150.48500061035156,163.68899536132812
1.0854581594467163,0.8049100041389465,151.21499633789062,164.1300048828125
1.0853756666183472,0.805429995059967,150.7050018310547,163.55599975585938
1.090702772140503,0.8029500246047974,149.94200134277344,163.53399658203125
1.0945948362350464,0.7994199991226196,148.36199951171875,162.37899780273438
1.0918222665786743,0.7971000075340271,148.15199279785156,161.73599243164062
1.0906314849853516,0.7979000210762024,149.63499450683594,163.16000366210938
1.0940439701080322,0.7935900092124939,149.5709991455078,163.6280059814453
1.0958423614501953,0.7914100289344788,148.45199584960938,162.63999938964844
1.100594401359558,0.7865700125694275,147.06300354003906,161.8159942626953
1.0973695516586304,0.7876600027084351,147.03900146484375,161.34300231933594
1.0892059803009033,0.7916499972343445,147.99899291992188,161.1929931640625
1.088814616203308,0.7866500020027161,146.39300537109375,159.38699340820312
1.0837758779525757,0.7915099859237671,147.32699584960938,159.66299438476562
1.0793657302856445,0.793969988822937,147.18499755859375,158.85499572753906
1.076669692993164,0.7963050007820129,147.1840057373047,158.4510040283203
1.079214334487915,0.7944009900093079,144.2779998779297,155.66900634765625
1.0765769481658936,0.7963399887084961,144.98300170898438,156.0760040283203
1.076658010482788,0.7965499758720398,146.0850067138672,157.2570037841797
1.0798670053482056,0.7955639958381653,145.27999877929688,156.8679962158203
1.0886130332946777,0.7922899723052979,142.7729949951172,155.3800048828125
1.0993602275848389,0.78302001953125,142.2790069580078,156.4080047607422
1.0895264148712158,0.7890899777412415,142.31300354003906,155.05099487304688
1.092382788658142,0.7903000116348267,142.7220001220703,155.89300537109375
1.0981045961380005,0.7854999899864197,143.88900756835938,158.00999450683594
1.0945708751678467,0.791100025177002,143.5229949951172,157.01699829101562
1.100618600845337,0.7882599830627441,142.07000732421875,156.3070068359375
1.1043012142181396,0.7856500148773193,142.46099853515625,157.2949981689453
1.110864281654358,0.7811099886894226,141.3990020751953,157.06300354003906
1.1068191528320312,0.7852100133895874,141.42999267578125,156.52699279785156
1.0941756963729858,0.7921599745750427,142.15499877929688,155.53599548339844
1.0927767753601074,0.7889400124549866,142.99899291992188,156.22799682617188
1.0947387218475342,0.7885100245475769,144.76499938964844,158.46800231933594
1.0942236185073853,0.7863500118255615,144.71600341796875,158.33999633789062
1.095170259475708,0.7848100066184998,144.22999572753906,157.9340057373047
1.0932426452636719,0.7864999771118164,144.42799377441406,157.88600158691406
1.0975141525268555,0.7846099734306335,145.73399353027344,159.93899536132812
1.0981649160385132,0.7825000286102295,145.04600524902344,159.26800537109375
1.0945708751678467,0.7863399982452393,145.79400634765625,159.56300354003906
1.087878942489624,0.7911890149116516,147.24600219726562,160.17999267578125
1.0885775089263916,0.7887899875640869,148.1179962158203,161.22300720214844
1.0879143476486206,0.7866600155830383,148.1280059814453,161.1269989013672
1.089229702949524,0.7873499989509583,148.12100219726562,161.3300018310547
1.088020920753479,0.7868899703025818,148.14199829101562,161.13699340820312
1.0857881307601929,0.7877600193023682,148.25100708007812,160.94900512695312
1.088174819946289,0.7862600088119507,147.59100341796875,160.58999633789062
1.0847046375274658,0.7869700193405151,147.72300720214844,160.218994140625
1.0843517780303955,0.7875800132751465,148.13999938964844,160.61700439453125
1.0834470987319946,0.7865300178527832,147.46800231933594,159.75599670410156
1.08433997631073,0.7876999974250793,147.36900329589844,159.781005859375
1.0803920030593872,0.7886000275611877,146.99600219726562,158.7830047607422
1.0874648094177246,0.7844799757003784,146.4510040283203,159.24899291992188
1.0780043601989746,0.7925900220870972,148.50100708007812,160.08099365234375
1.0741831064224243,0.7978000044822693,148.63999938964844,159.65199279785156
1.075719952583313,0.79339998960495,147.8179931640625,158.99099731445312
1.077574610710144,0.791920006275177,148.08599853515625,159.5724334716797
1.0777255296707153,0.7922999858856201,149.25900268554688,160.8459930419922
1.0798202753067017,0.7912200093269348,149.16700744628906,161.0679931640625
1.0772264003753662,0.791920006275177,149.40499877929688,160.927001953125
1.0708931684494019,0.7942000031471252,150.7239990234375,161.38999938964844
1.0732147693634033,0.7956600189208984,150.54400634765625,161.55996704101562
1.0773887634277344,0.7936999797821045,149.9459991455078,161.53399658203125
1.0775396823883057,0.7943900227546692,150.27000427246094,161.89300537109375
1.0813149213790894,0.7919899821281433,149.93899536132812,162.11099243164062
1.0820403099060059,0.7912099957466125,150.35499572753906,162.6840057373047
1.0825674533843994,0.7897999882698059,150.48300170898438,162.8979949951172
1.081958293914795,0.7892000079154968,150.4969940185547,162.822998046875
1.0850930213928223,0.7883599996566772,150.5659942626953,163.3679962158203
1.084481120109558,0.7886000275611877,150.4949951171875,163.14700317382812
1.0838816165924072,0.7897700071334839,150.656005859375,163.2899932861328
1.0804970264434814,0.7919399738311768,150.09500122070312,162.16700744628906
1.084269404411316,0.7898100018501282,150.10499572753906,162.7469940185547
1.0855170488357544,0.7879999876022339,150.46600341796875,163.31900024414062
1.0855995416641235,0.787090003490448,150.0489959716797,162.8719940185547
1.089953899383545,0.7851499915122986,149.2689971923828,162.6840057373047
1.0950144529342651,0.7804099917411804,147.8679962158203,161.9080047607422
1.0942955017089844,0.7778400182723999,146.7740020751953,160.60899353027344
1.093135118484497,0.7801200151443481,146.73199462890625,160.38900756835938
1.0927767753601074,0.7814599871635437,147.61900329589844,161.29100036621094
1.0955302715301514,0.7811300158500671,147.62100219726562,161.68699645996094
1.0883406400680542,0.784529983997345,148.29600524902344,161.3769989013672
1.0882576704025269,0.7854300141334534,148.9550018310547,162.0970001220703
1.087393879890442,0.7857199907302856,149.1439971923828,162.17300415039062
1.0863306522369385,0.786300003528595,151.03500366210938,164.05499267578125
1.0937210321426392,0.7813500165939331,150.75999450683594,164.87899780273438
1.0862362384796143,0.7897999882698059,151.63299560546875,164.7030029296875
1.0807539224624634,0.7937800288200378,151.30499267578125,163.52099609375
1.0838228464126587,0.7913299798965454,151.3730010986328,164.04800415039062
1.0832358598709106,0.7918699979782104,151.52999877929688,164.0399932861328
1.0813382863998413,0.7925750017166138,151.28700256347656,163.5290069580078
1.0737217664718628,0.796970009803772,151.58099365234375,162.75100708007812
1.076855182647705,0.7951300144195557,151.5399932861328,163.1790008544922
1.0838346481323242,0.7902699708938599,151.58099365234375,164.27699279785156
1.0837054252624512,0.791159987449646,151.29200744628906,163.94500732421875
1.0830481052398682,0.7919999957084656,151.69000244140625,164.2830047607422
1.0863661766052246,0.789900004863739,151.84300231933594,164.9219970703125
1.0859296321868896,0.7887870073318481,151.77699279785156,164.802001953125
1.074171543121338,0.7976400256156921,152.96400451660156,164.29200744628906
1.0726851224899292,0.7964100241661072,153.19200134277344,164.31700134277344
1.0649627447128296,0.8025599718093872,153.2830047607422,163.2100067138672
1.0625749826431274,0.803409993648529,154.20599365234375,163.8300018310547
1.0621461868286133,0.8044400215148926,154.697998046875,164.29600524902344
1.0669398307800293,0.8029800057411194,154.3419952392578,164.66200256347656
1.0644185543060303,0.804099977016449,154.61000061035156,164.5590057373047
1.0657799243927002,0.8080000281333923,154.62899780273438,164.7989959716797
1.065405249595642,0.8097100257873535,154.81300354003906,164.9250030517578
1.0704345703125,0.8028900027275085,154.74400329589844,165.61300659179688
1.0699878931045532,0.802590012550354,155.25900268554688,166.11599731445312
1.072961449623108,0.7994899749755859,155.5970001220703,166.9080047607422
1.0706866979599,0.7993000149726868,158.2239990234375,169.39999389648438
1.0715701580047607,0.796180009841919,156.31399536132812,167.39599609375
1.0721560716629028,0.7976300120353699,155.70399475097656,166.8800048828125
1.073306918144226,0.7974500060081482,153.0449981689453,164.21600341796875
1.0758124589920044,0.7973799705505371,153.5659942626953,165.2010040283203
1.0767507553100586,0.796180009841919,154.23699951171875,166.0780029296875
1.0750491619110107,0.7997900247573853,154.7480010986328,166.35699462890625
1.078515887260437,0.7983800172805786,155.38900756835938,167.53399658203125
1.077040672302246,0.7985000014305115,155.8179931640625,167.81700134277344
1.079354166984558,0.7961999773979187,156.23300170898438,168.58999633789062
1.0814552307128906,0.7946199774742126,156.4980010986328,169.24099731445312
1.0889805555343628,0.788070023059845,154.28199768066406,168.0019989013672
1.0867793560028076,0.7890999913215637,155.37899780273438,168.85400390625
1.086082935333252,0.7867500185966492,156.3699951171875,169.82200622558594
1.0855170488357544,0.7867599725723267,156.25100708007812,169.60699462890625
1.0825204849243164,0.786109983921051,156.70399475097656,169.6320037841797
1.0812681913375854,0.7877900004386902,156.97300720214844,169.71400451660156
1.0861891508102417,0.7829200029373169,156.84500122070312,170.3470001220703
1.0851871967315674,0.7836989760398865,157.26199340820312,170.6540069580078
1.0801819562911987,0.7875099778175354,157.60800170898438,170.21600341796875
1.0835410356521606,0.7855299711227417,156.9530029296875,169.99600219726562
1.0853049755096436,0.7846800088882446,157.17999267578125,170.5800018310547
1.0907385349273682,0.7806299924850464,156.0760040283203,170.22799682617188
1.0881866216659546,0.7828999757766724,155.12399291992188,168.79600524902344
1.0894432067871094,0.7815999984741211,155.69700622558594,169.5749969482422
1.0778882503509521,0.7856259942054749,156.83299255371094,169.0399932861328
1.0764262676239014,0.7857999801635742,157.0399932861328,169.02000427246094
1.0740330219268799,0.7850300073623657,157.10499572753906,168.7209930419922
1.0813149213790894,0.7814499735832214,156.8000030517578,169.52000427246094
1.0738831758499146,0.7840399742126465,157.1280059814453,168.7259979248047
1.0702168941497803,0.7883999943733215,157.54600524902344,168.60400390625
1.0740677118301392,0.7865200042724609,157.6999969482422,169.36900329589844
1.0751532316207886,0.786109983921051,157.95799255371094,169.76300048828125
1.0687757730484009,0.791159987449646,159.86099243164062,170.85000610351562
1.0732723474502563,0.7884500026702881,159.68600463867188,171.375
1.0709619522094727,0.788349986076355,159.68600463867188,171.00999450683594
1.068010926246643,0.7922999858856201,160.62100219726562,171.53500366210938
1.0708472728729248,0.7908999919891357,160.68699645996094,172.06500244140625
1.0735257863998413,0.7904999852180481,160.90699768066406,172.72999572753906
1.0737102031707764,0.7907500267028809,161.51199340820312,173.3990020751953
1.0748412609100342,0.7881399989128113,161.50399780273438,173.5850067138672
1.0810693502426147,0.7839400172233582,161.35800170898438,174.4290008544922
1.082602620124817,0.7807999849319458,160.63800048828125,173.9029998779297
1.0830950736999512,0.7803540229797363,160.85699462890625,174.21299743652344
1.0814785957336426,0.7819399833679199,161.33099365234375,174.44000244140625
1.083329677581787,0.7779499888420105,161.60699462890625,175.0709991455078
1.0872756242752075,0.7736799716949463,158.2010040283203,172.0070037841797
1.0885539054870605,0.7711399793624878,158.31300354003906,172.32699584960938
1.0901559591293335,0.7710099816322327,158.14100646972656,172.33599853515625
1.0902509689331055,0.7705299854278564,158.35000610351562,172.6179962158203
1.094020128250122,0.7687199711799622,155.68600463867188,170.29600524902344
1.0901559591293335,0.7722200155258179,157.14999389648438,171.31700134277344
1.0899182558059692,0.7732499837875366,157.4219970703125,171.57200622558594
1.0889805555343628,0.7731999754905701,156.89100646972656,170.84300231933594
1.0850694179534912,0.7749999761581421,155.76800537109375,168.98800659179688
1.0839520692825317,0.7752900123596191,153.89100646972656,166.79400634765625
1.0851283073425293,0.7778699994087219,153.69700622558594,166.76100158691406
1.0853756666183472,0.7771700024604797,154.13900756835938,167.28900146484375
1.081946611404419,0.7777299880981445,153.83299255371094,166.41000366210938
1.0816072225570679,0.7789300084114075,152.6699981689453,165.11199951171875
1.0787602663040161,0.7856400012969971,149.2010040283203,160.9459991455078
1.0910836458206177,0.7819700241088867,145.58399963378906,158.83599853515625
1.0950982570648193,0.7819899916648865,145.7899932861328,157.88999938964844
1.0926215648651123,0.7884399890899658,144.73199462890625,158.13299560546875
1.0928125381469727,0.7883399724960327,146.12399291992188,159.6959991455078
1.0915720462799072,0.7845600247383118,147.66900634765625,161.1909942626953
1.091381311416626,0.7843199968338013,147.04200744628906,160.4720001220703
1.0936251878738403,0.7829399704933167,146.98199462890625,160.71499633789062
1.0996986627578735,0.7772300243377686,146.9709930419922,161.61300659179688
1.1013215780258179,0.7797099947929382,147.2530059814453,162.14199829101562
1.0972732305526733,0.7776200175285339,149.2220001220703,163.7259979248047
1.1024993658065796,0.7723000049591064,147.95599365234375,163.11700439453125
1.1086474657058716,0.7698100209236145,146.69900512695312,162.6199951171875
1.112792730331421,0.7671599984169006,145.3470001220703,161.73300170898438
1.115536093711853,0.7637699842453003,145.1179962158203,161.8800048828125
1.111716389656067,0.7634999752044678,146.20199584960938,162.5240020751953
1.1187934875488281,0.7567300200462341,144.0,161.09800720214844
1.1164700984954834,0.7580289840698242,144.51600646972656,161.3209991455078
1.117793083190918,0.7543500065803528,143.97500610351562,160.9290008544922
1.1124955415725708,0.757889986038208,144.43299865722656,160.66099548339844
1.1080454587936401,0.7595800161361694,144.88999938964844,160.53700256347656
1.1067456007003784,0.7609699964523315,146.7220001220703,162.37399291992188
1.1048868894577026,0.7625700235366821,145.35299682617188,160.572998046875
1.1080454587936401,0.7607600092887878,143.32400512695312,158.7830047607422
1.1111111640930176,0.7588800191879272,143.39300537109375,159.32000732421875
1.1087212562561035,0.7614799737930298,142.48599243164062,157.97300720214844
1.1037527322769165,0.7651200294494629,143.177001953125,158.0019989013672
1.1020983457565308,0.7644000053405762,142.23399353027344,156.73300170898438
1.1010911464691162,0.7669199705123901,142.58999633789062,157.01300048828125
1.1077877283096313,0.761430025100708,141.49899291992188,156.75
1.1088441610336304,0.7612699866294861,140.7899932861328,156.11500549316406
1.1129536628723145,0.7569599747657776,140.7899932861328,156.68699645996094
1.1123099327087402,0.759440004825592,142.01499938964844,157.96200561523438
1.1114816665649414,0.7573800086975098,142.7100067138672,158.58399963378906
1.1161960363388062,0.752839982509613,142.85800170898438,159.41400146484375
1.1160838603973389,0.7511600255966187,144.00399780273438,160.71099853515625
1.1111727952957153,0.7490800023078918,143.63800048828125,159.58900451660156
1.1191190481185913,0.7447500228881836,142.96299743652344,159.98699951171875
1.1131023168563843,0.751039981842041,144.68299865722656,161.0399932861328
1.117717981338501,0.7455999851226807,145.0760040283203,162.12600708007812
1.1169815063476562,0.7472000122070312,142.7830047607422,159.47999572753906
1.113660216331482,0.7475000023841858,143.7100067138672,160.03199768066406
1.1063904762268066,0.7533100247383118,143.73599243164062,159.0240020751953
1.1048502922058105,0.7539499998092651,146.58200073242188,161.91799926757812
1.103557825088501,0.7615900039672852,146.83999633789062,162.04100036621094
1.0974539518356323,0.7619600296020508,148.82000732421875,163.281005859375
1.0975743532180786,0.7641699910163879,148.14599609375,162.57400512695312
1.0975743532180786,0.763700008392334,148.15899658203125,162.60699462890625
1.0943313837051392,0.76528000831604,149.16000366210938,163.2010040283203
1.0933860540390015,0.7656000256538391,148.70399475097656,162.58200073242188
1.0925379991531372,0.766319990158081,149.33399963378906,163.1199951171875
1.0909169912338257,0.7652000188827515,149.6699981689453,163.2729949951172
1.0884116888046265,0.7653700113296509,149.0989990234375,162.28500366210938
1.0862481594085693,0.7697200179100037,149.5760040283203,162.42100524902344
1.0829542875289917,0.768280029296875,150.10000610351562,162.5449981689453
1.0868619680404663,0.7662000060081482,149.60000610351562,162.5850067138672
1.0817828178405762,0.7702299952507019,150.60499572753906,162.86000061035156
1.079727053642273,0.7702999711036682,151.13800048828125,163.17999267578125
1.0780508518218994,0.7742099761962891,152.7689971923828,164.68600463867188
1.0824151039123535,0.7707700133323669,151.7830047607422,164.28900146484375
1.0796570777893066,0.7717099785804749,152.95199584960938,165.12399291992188
1.0816774368286133,0.7706800103187561,153.1790008544922,165.6840057373047
1.0820636749267578,0.7685400247573853,153.2740020751953,165.84800720214844
1.0859178304672241,0.7716799974441528,153.20399475097656,166.3730010986328
1.0886130332946777,0.7755100131034851,151.97999572753906,165.41099548339844
1.087453007698059,0.7720199823379517,152.28700256347656,165.593994140625
1.0874056816101074,0.7720000147819519,152.2760009765625,165.5749969482422
1.093445897102356,0.7668399810791016,151.43499755859375,165.5780029296875
1.073306918144226,0.776199996471405,154.32000732421875,165.60899353027344
1.0795172452926636,0.7702000141143799,153.17999267578125,165.3520050048828
1.0714898109436035,0.7742499709129333,152.9040069580078,163.8280029296875
1.066439151763916,0.7767500281333923,153.47999572753906,163.61599731445312
1.061672568321228,0.7850900292396545,154.65499877929688,164.1929931640625
1.0564124584197998,0.7869200110435486,155.4290008544922,164.1909942626953
1.0530084371566772,0.7894899845123291,156.46800231933594,164.75999450683594
1.0533745288848877,0.7924100160598755,154.66400146484375,162.91400146484375
1.059490442276001,0.7886899709701538,154.61700439453125,163.80799865722656
1.0607603788375854,0.7877200245857239,154.71800231933594,164.10800170898438
1.0546187162399292,0.7901399731636047,155.2949981689453,163.75999450683594
1.0469341278076172,0.7945700287818909,154.21800231933594,161.44200134277344
1.0479873418807983,0.7943400144577026,154.14599609375,161.5330047607422
1.0444300174713135,0.7980499863624573,154.3780059814453,161.22000122070312
1.0491198301315308,0.795199990272522,153.00900268554688,160.50599670410156
1.0563008785247803,0.7876200079917908,151.1739959716797,159.6540069580078
1.0545742511749268,0.7870500087738037,149.8159942626953,157.97500610351562
1.0501223802566528,0.7900099754333496,149.50799560546875,156.98699951171875
1.0510826110839844,0.7889999747276306,149.64700317382812,157.27499389648438
1.051414132118225,0.7873200178146362,150.56700134277344,158.2779998779297
1.058559536933899,0.7837399840354919,150.20700073242188,158.9884796142578
1.0565463304519653,0.7845199704170227,149.93099975585938,158.4040069580078
1.0555204153060913,0.7844099998474121,151.4080047607422,159.8000030517578
1.0532968044281006,0.7824500203132629,151.8070068359375,159.8719940185547
1.0506850481033325,0.78329998254776,152.2449951171875,159.9199981689453
1.0474056005477905,0.788919985294342,152.58700561523438,159.81399536132812
1.051005244255066,0.7918000221252441,153.4530029296875,161.27000427246094
1.0517348051071167,0.7876999974250793,154.08599853515625,162.04800415039062
1.0495051145553589,0.7868499755859375,153.57200622558594,161.16600036621094
1.0350252389907837,0.795520007610321,154.67300415039062,160.0749969482422
1.0364949703216553,0.8001599907875061,157.6439971923828,163.39199829101562
1.0433076620101929,0.7954199910163879,156.5330047607422,163.3040008544922
1.0423181056976318,0.7981200218200684,157.7480010986328,164.4550018310547
1.0429377555847168,0.7949399948120117,157.8730010986328,164.6739959716797
1.0268205404281616,0.8077399730682373,157.36199951171875,161.55999755859375
1.0386372804641724,0.7993199825286865,157.7429962158203,163.79200744628906
1.034554123878479,0.8015000224113464,158.23599243164062,163.66900634765625
1.0297601222991943,0.8130699992179871,158.04800415039062,162.7480010986328
1.0244431495666504,0.8193899989128113,157.88699340820312,161.73699951171875
1.0265253782272339,0.817579984664917,157.36399841308594,161.5290069580078
1.0306835174560547,0.8189499974250793,158.0500030517578,162.88299560546875
1.0295268297195435,0.8167700171470642,156.2550048828125,160.85899353027344
1.0301949977874756,0.8173499703407288,155.3560028076172,160.03500366210938
1.0420682430267334,0.8108199834823608,155.24899291992188,161.77099609375
1.0405935049057007,0.8102899789810181,155.7740020751953,162.08799743652344
1.0410159826278687,0.8119720220565796,156.44000244140625,162.8209991455078
1.041601538658142,0.8094099760055542,156.15499877929688,162.6320037841797
1.0467586517333984,0.802590012550354,155.74400329589844,163.01800537109375
1.0445064306259155,0.8029500246047974,154.90899658203125,161.78900146484375
1.0429050922393799,0.8036900162696838,155.5590057373047,162.229248046875
1.0425245761871338,0.8028799891471863,155.1699981689453,161.75900268554688
1.0397279262542725,0.8049899935722351,154.0970001220703,160.20700073242188
1.024779200553894,0.8135799765586853,155.36300659179688,159.19700622558594
1.0327378511428833,0.8041399717330933,155.27699279785156,160.3509979248047
1.0372798442840576,0.8014400005340576,154.13299560546875,159.86300659179688
1.0400848388671875,0.7998499870300293,152.6060028076172,158.71299743652344
1.0385725498199463,0.8041300177574158,151.1929931640625,157.01699829101562
1.0311616659164429,0.8070799708366394,151.8459930419922,156.56900024414062
1.0301525592803955,0.8089600205421448,151.75900268554688,156.32699584960938
1.0364949703216553,0.8030499815940857,152.73899841308594,158.29800415039062
1.039198637008667,0.8030800223350525,154.2550048828125,160.28799438476562
1.0461673736572266,0.7957299947738647,152.98899841308594,160.03799438476562
1.048536777496338,0.7922899723052979,151.44400024414062,158.7790069580078
1.044833779335022,0.7919999957084656,151.93099975585938,158.73599243164062
1.0421009063720703,0.7946699857711792,151.22000122070312,157.58099365234375
1.0500562191009521,0.7892600297927856,149.4080047607422,156.87899780273438
1.0474823713302612,0.7905600070953369,149.38699340820312,156.468994140625
1.0461344718933105,0.792460024356842,149.86399841308594,156.76400756835938
1.0524100065231323,0.7890499830245972,149.0780029296875,156.83999633789062
1.0488777160644531,0.7885810136795044,148.83799743652344,156.10400390625
1.039511799812317,0.7937800288200378,150.01199340820312,155.92799377441406
1.0413846969604492,0.7935500144958496,150.77099609375,156.9969940185547
1.0485037565231323,0.7872499823570251,149.30499267578125,156.53399658203125
1.062699317932129,0.7815099954605103,149.7989959716797,159.14100646972656
1.0794938802719116,0.7757999897003174,148.8979949951172,160.7209930419922
1.0787951946258545,0.776170015335083,148.10800170898438,159.75900268554688
1.086059331893921,0.7731999754905701,147.60800170898438,160.30299377441406
1.0839403867721558,0.776639997959137,147.06900024414062,159.39999389648438
1.0914170742034912,0.7725099921226501,148.04200744628906,161.56399536132812
1.0886249542236328,0.7713099718093872,148.2790069580078,161.40699768066406
1.085564136505127,0.7717999815940857,147.94900512695312,160.59800720214844
1.0881274938583374,0.7735199928283691,148.59800720214844,161.67999267578125
1.091917634010315,0.7700600028038025,149.37899780273438,163.09500122070312
1.093948245048523,0.7692000269889832,149.45199584960938,163.4759979248047
1.0911908149719238,0.7685999870300293,148.49000549316406,162.0
1.0856702327728271,0.7712200284004211,148.5959930419922,161.322998046875
1.0835762023925781,0.7736799716949463,149.677001953125,162.1750030517578
1.0803569555282593,0.7738199830055237,150.7740020751953,162.88400268554688
1.0787487030029297,0.7724800109863281,149.9499969482422,161.74600219726562
1.0742061138153076,0.7765600085258484,150.47300720214844,161.6199951171875
1.080100178718567,0.772130012512207,150.8470001220703,162.91000366210938
1.082391619682312,0.7728000283241272,149.61700439453125,161.93800354003906
1.0818880796432495,0.7739999890327454,149.91299438476562,162.177001953125
1.0795987844467163,0.7738500237464905,149.7830047607422,161.6909942626953
1.090869426727295,0.7665899991989136,147.8719940185547,161.24200439453125
1.1043744087219238,0.7639399766921997,146.2310028076172,161.53599548339844
1.098454475402832,0.7744500041007996,145.43299865722656,159.72999572753906
1.0915361642837524,0.7850000262260437,147.78900146484375,161.31100463867188
1.0980443954467773,0.782010018825531,145.84500122070312,160.13999938964844
1.0952062606811523,0.7796199917793274,147.3990020751953,161.41299438476562
1.1257838010787964,0.769569993019104,143.7469940185547,161.822998046875
1.1343141794204712,0.7638900279998779,143.6959991455078,162.97799682617188
1.1339668035507202,0.7591000199317932,143.2209930419922,162.40199279785156
1.1292672157287598,0.7557500004768372,143.18099975585938,161.6300048828125
1.1396790742874146,0.7556700110435486,141.92799377441406,161.71299743652344
1.1512778997421265,0.7473000288009644,140.87600708007812,162.16400146484375
1.1351252794265747,0.7534000277519226,142.68800354003906,161.96499633789062
1.132733702659607,0.7538400292396545,143.22300720214844,162.2169952392578
1.1371906995773315,0.7503299713134766,142.87899780273438,162.46299743652344
1.1343141794204712,0.7524399757385254,143.84100341796875,163.1529998779297
1.1409143209457397,0.7443199753761292,142.17799377441406,162.2036590576172
1.1389262676239014,0.7455599904060364,142.2989959716797,162.0570068359375
1.1296498775482178,0.7526400089263916,145.447998046875,164.2969970703125
1.1323232650756836,0.7535300254821777,144.62399291992188,163.7469940185547
1.1313369274139404,0.7524300217628479,143.6540069580078,162.5
1.1342755556106567,0.7488899827003479,143.03500366210938,162.2259979248047
1.1306205987930298,0.7523699998855591,143.84800720214844,162.61700439453125
1.122422695159912,0.7552400231361389,146.01499938964844,163.8769989013672
1.12296462059021,0.7527400255203247,145.81199645996094,163.74899291992188
1.1095577478408813,0.7588199973106384,148.30999755859375,164.5469970703125
1.1185556650161743,0.7516199946403503,147.5279998779297,165.01100158691406
1.1181930303573608,0.7538999915122986,146.64999389648438,163.9739990234375
1.1192693710327148,0.7516999840736389,145.61300659179688,162.96600341796875
1.1187559366226196,0.7515599727630615,145.29800415039062,162.54200744628906
1.1233429908752441,0.748520016670227,144.97500610351562,162.83999633789062
1.1287955045700073,0.7463499903678894,144.3280029296875,162.91099548339844
1.133118748664856,0.7450199723243713,143.7550048828125,162.87600708007812
1.1281843185424805,0.7450799942016602,143.85800170898438,162.28700256347656
1.1388484239578247,0.7371000051498413,142.65499877929688,162.4499969482422
1.1337097883224487,0.7399100065231323,144.177001953125,163.44500732421875
1.1378376483917236,0.7407600283622742,143.7790069580078,163.5780029296875
1.1353315114974976,0.7424200177192688,143.81500244140625,163.2469940185547
1.1453442573547363,0.7376099824905396,142.45199584960938,163.13787841796875
1.1384464502334595,0.7390099763870239,143.83700561523438,163.74000549316406
1.1422044038772583,0.7379099726676941,142.73199462890625,163.02000427246094
1.1428048610687256,0.7378000020980835,144.5399932861328,165.16600036621094
1.143746018409729,0.7402700185775757,144.83799743652344,165.63299560546875
1.1509333848953247,0.7369899749755859,144.2030029296875,165.947998046875
1.1600254774093628,0.7336400151252747,143.19400024414062,166.08299255371094
1.1556684970855713,0.7381700277328491,144.09100341796875,166.46636962890625
1.1551345586776733,0.7369999885559082,144.72900390625,167.16000366210938
1.1482638120651245,0.7445600032806396,145.37600708007812,166.91099548339844
1.1500862836837769,0.7442200183868408,146.2239990234375,168.1540069580078
1.1599044799804688,0.7382000088691711,145.92799377441406,169.2480010986328
1.161224365234375,0.7344899773597717,144.95700073242188,168.29800415039062
1.1683744192123413,0.7303900122642517,144.9040069580078,169.2899932861328
1.1692214012145996,0.7285000085830688,144.69400024414062,169.15699768066406
1.1727453470230103,0.7288299798965454,144.51699829101562,169.45399475097656
1.178717017173767,0.7281000018119812,143.8000030517578,169.4600067138672
1.180553913116455,0.7274199724197388,143.40199279785156,169.2949981689453
1.18002450466156,0.7325199842453003,143.5260009765625,169.36199951171875
1.178078293800354,0.7325599789619446,144.4980010986328,170.218994140625
1.1736538410186768,0.7339199781417847,145.89199829101562,171.21499633789062
1.1724566221237183,0.7360900044441223,146.8489990234375,172.16099548339844
1.17311692237854,0.735450029373169,146.11399841308594,171.4010009765625
1.1702749729156494,0.7363600134849548,146.28799438476562,171.16700744628906
1.1682106256484985,0.7408999800682068,147.2949981689453,172.05999755859375
1.1666297912597656,0.7447500228881836,147.79200744628906,172.41000366210938
1.1607391834259033,0.7465900182723999,148.76100158691406,172.66200256347656
1.1635754108428955,0.7456700205802917,148.0030059814453,172.2050018310547
1.161548137664795,0.7445200085639954,148.44200134277344,172.41299438476562
1.1630746126174927,0.7453600168228149,148.43099975585938,172.6280059814453
1.1694538593292236,0.741320013999939,147.40899658203125,172.3820037841797
1.1739156246185303,0.739549994468689,146.78500366210938,172.30499267578125
1.1774264574050903,0.7364000082015991,146.3489990234375,172.30299377441406
1.1756131649017334,0.7401999831199646,147.0050048828125,172.80799865722656
1.1756821870803833,0.7440500259399414,147.81300354003906,173.76699829101562
1.1596757173538208,0.7485899925231934,148.47900390625,172.17599487304688
1.1550945043563843,0.7487199902534485,148.44200134277344,171.4510040283203
1.1429355144500732,0.7544000148773193,149.2259979248047,170.5399932861328
1.158668041229248,0.7523199915885925,147.34300231933594,170.7050018310547
1.1584129333496094,0.7518799901008606,146.79299926757812,170.03500366210938
1.1579166650772095,0.7519599795341492,147.55999755859375,170.8489990234375
1.1663167476654053,0.7486299872398376,147.1929931640625,171.65499877929688
1.1676650047302246,0.7433900237083435,146.83700561523438,171.44900512695312
1.1647952795028687,0.7438300251960754,147.66400146484375,171.99099731445312
1.1618449687957764,0.7443600296974182,148.125,171.86000061035156
1.1677058935165405,0.7404500246047974,147.75799560546875,172.5330047607422
1.171289324760437,0.7360699772834778,147.1199951171875,172.31399536132812
1.1651345491409302,0.7390900254249573,147.6909942626953,172.06985473632812
1.1706587076187134,0.7375900149345398,147.26400756835938,172.38800048828125
1.1668338775634766,0.7402999997138977,147.91600036621094,172.58399963378906
1.164252758026123,0.7415300011634827,147.7310028076172,171.9929962158203
1.165175199508667,0.7426000237464905,147.3179931640625,171.6490020751953
1.16130530834198,0.7453299760818481,148.38600158691406,172.31500244140625
1.1709601879119873,0.7402030229568481,147.21499633789062,172.3719940185547
1.1618449687957764,0.7432600259780884,147.82200622558594,171.6790008544922
1.1639411449432373,0.7419549822807312,147.46200561523438,171.6179962158203
1.1647952795028687,0.7404800057411194,147.3159942626953,171.58599853515625
1.1681560277938843,0.7401999831199646,146.7899932861328,171.4720001220703
1.1715912818908691,0.7381700277328491,147.08399963378906,172.3179931640625
1.163602590560913,0.7471799850463867,148.54800415039062,172.81700134277344
1.16604483127594,0.7439299821853638,147.97999572753906,172.5469970703125
1.1656913757324219,0.7437999844551086,148.375,172.95399475097656
1.1713168621063232,0.7411699891090393,148.343994140625,173.75599670410156
1.1769136190414429,0.7378600239753723,147.36399841308594,173.42999267578125
1.1702749729156494,0.7396000027656555,147.39199829101562,172.4810028076172
1.1703435182571411,0.7389600276947021,147.33200073242188,172.43800354003906
1.1734747886657715,0.7366999983787537,147.2239990234375,172.76300048828125
1.1726491451263428,0.7377200126647949,147.66600036621094,173.14500427246094
1.1763737201690674,0.7351999878883362,147.40499877929688,173.39599609375
1.1871408224105835,0.7323499917984009,146.41299438476562,173.8000030517578
1.1826341152191162,0.7337300181388855,146.89100646972656,173.70799255371094
1.1791062355041504,0.7376999855041504,147.94700622558594,174.4320068359375
1.1736950874328613,0.7427800297737122,148.09500122070312,173.81199645996094
1.1801080703735352,0.7399799823760986,147.72500610351562,174.32899475097656
1.1814465522766113,0.7393100261688232,147.61300659179688,174.3820037841797
1.1744670867919922,0.7434899806976318,148.75100708007812,174.6959991455078
1.166275978088379,0.7498999834060669,149.86099243164062,174.7729949951172
1.170823097229004,0.7458400130271912,149.40499877929688,174.8820037841797
1.1731443405151367,0.7443079948425293,148.59500122070312,174.3179931640625
1.1735849380493164,0.7439500093460083,147.9969940185547,173.67300415039062
1.1734058856964111,0.7419599890708923,147.08299255371094,172.57699584960938
1.1725116968154907,0.7437199950218201,147.14999389648438,172.5290069580078
1.171248197555542,0.74440997838974,149.6060028076172,175.21200561523438
1.171028733253479,0.741599977016449,150.33099365234375,176.03599548339844
1.1654603481292725,0.7451000213623047,152.05099487304688,177.19700622558594
1.1631964445114136,0.7462599873542786,152.67999267578125,177.5540008544922
1.156644344329834,0.7516700029373169,152.96499633789062,176.93600463867188
1.160240888595581,0.7497299909591675,152.05599975585938,176.41400146484375
1.1566845178604126,0.7499899864196777,152.4340057373047,176.31100463867188
1.1602274179458618,0.7506899833679199,151.7310028076172,176.04200744628906
1.1646324396133423,0.7461400032043457,150.9739990234375,175.81900024414062
1.1699601411819458,0.7437999844551086,150.1199951171875,175.6300048828125
1.165745735168457,0.7447800040245056,150.89999389648438,175.9040069580078
1.164442539215088,0.7460500001907349,150.7740020751953,175.55599975585938
1.160038948059082,0.7481300234794617,151.89300537109375,176.19500732421875
1.1608469486236572,0.7490500211715698,151.95399475097656,176.39100646972656
1.1618045568466187,0.7503399848937988,152.6020050048828,177.29100036621094
1.1631693840026855,0.7505499720573425,153.06100463867188,178.0279998779297
1.165175199508667,0.7496600151062012,152.69200134277344,177.90199279785156
1.1657865047454834,0.7530999779701233,151.7310028076172,176.86700439453125
1.1603351831436157,0.7579200267791748,152.7220001220703,177.1999969482422
1.157246708869934,0.7598699927330017,153.89999389648438,178.0989990234375
1.1528042554855347,0.7612400054931641,154.19500732421875,177.7449951171875
1.1519144773483276,0.7615100145339966,154.20399475097656,177.6199951171875
1.1485539674758911,0.7679399847984314,153.5570068359375,176.35800170898438
1.1496764421463013,0.7661200165748596,154.072998046875,177.1280059814453
1.1549211740493774,0.7609999775886536,152.947998046875,176.63600158691406
1.1554548740386963,0.760420024394989,153.5449981689453,177.41099548339844
1.1557353734970093,0.759119987487793,154.16400146484375,178.16200256347656
1.1588828563690186,0.7602900266647339,154.05299377441406,178.49600219726562
1.159245491027832,0.7616000175476074,154.7030029296875,179.32400512695312
1.1630746126174927,0.7602499723434448,154.62899780273438,179.83399963378906
1.16146719455719,0.7600299715995789,154.6179962158203,179.5679931640625
1.159003734588623,0.7602400183677673,155.25,179.92799377441406
1.158104419708252,0.7605999708175659,155.5240020751953,180.10400390625
1.154068112373352,0.7656400203704834,156.99200439453125,181.16299438476562
1.1535356044769287,0.7643100023269653,157.38299560546875,181.5330047607422
1.1507877111434937,0.7635400295257568,156.66200256347656,180.28199768066406
1.1520737409591675,0.7630000114440918,156.8780059814453,180.73199462890625
1.156577467918396,0.7598199844360352,156.16900634765625,180.61900329589844
1.1600254774093628,0.7552099823951721,156.28700256347656,181.28199768066406
1.1602139472961426,0.7552400231361389,155.88699340820312,180.85699462890625
1.1607661247253418,0.7570099830627441,155.5469970703125,180.5500030517578
1.1628988981246948,0.756380021572113,155.74899291992188,181.11700439453125
1.166670560836792,0.749239981174469,155.0970001220703,180.94400024414062
1.1644561290740967,0.7505300045013428,155.1020050048828,180.6060028076172
1.1641172170639038,0.7503799796104431,155.30299377441406,180.78199768066406
1.1641442775726318,0.7501999735832214,155.83900451660156,181.41099548339844
1.1628447771072388,0.7516760230064392,156.79800415039062,182.3260040283203
1.170192837715149,0.7468799948692322,155.74400329589844,182.24600219726562
1.1741361618041992,0.7466099858283997,155.4770050048828,182.55099487304688
1.1737502813339233,0.7480300068855286,155.85899353027344,182.9340057373047
1.1755025386810303,0.7473999857902527,155.0240020751953,182.21099853515625
1.1749638319015503,0.7448099851608276,154.76800537109375,181.83799743652344
1.1742188930511475,0.7476900219917297,155.47999572753906,182.56100463867188
1.1725391149520874,0.7471500039100647,155.5679931640625,182.41200256347656
1.1710835695266724,0.7473800182342529,157.60899353027344,184.56399536132812
1.1764428615570068,0.7424499988555908,156.91099548339844,184.53900146484375
1.1774957180023193,0.7407000064849854,156.27499389648438,184.0489959716797
1.1773016452789307,0.7401999831199646,155.9320068359375,183.60899353027344
