I1,I2,I3
23.040000915527344,400.5899963378906,1887.8199462890625
26.940000534057617,400.8399963378906,1885.4300537109375
23.670000076293945,408.0899963378906,1931.8399658203125
22.43000030517578,410.0199890136719,1951.1700439453125
23.309999465942383,410.4100036621094,1948.030029296875
23.489999771118164,409.1700134277344,1945.3599853515625
23.06999969482422,408.80999755859375,1957.9000244140625
22.219999313354492,409.7099914550781,1964.239990234375
23.520000457763672,411.19000244140625,1969.739990234375
23.030000686645508,410.1499938964844,1975.81005859375
22.81999969482422,408.6400146484375,1967.4300537109375
21.34000015258789,412.45001220703125,1992.4599609375
22.239999771118164,409.8800048828125,1981.3900146484375
22.309999465942383,410.17999267578125,1994.4100341796875
23.90999984741211,404.75,1977.3599853515625
23.81999969482422,407.6300048828125,1995.2099609375
33.25,400.8599853515625,1965.6600341796875
35.15999984741211,401.2099914550781,1958.260009765625
31.450000762939453,397.0799865722656,1960.5400390625
28.010000228881836,402.260009765625,1985.9300537109375
24.59000015258789,407.6400146484375,2005.06005859375
23.440000534057617,407.07000732421875,2002.8199462890625
21.989999771118164,410.0799865722656,2008.219970703125
21.889999389648438,410.1600036621094,2000.7900390625
21.56999969482422,411.010009765625,2005.260009765625
21.639999389648438,411.2099914550781,2000.97998046875
22.09000015258789,409.9700012207031,2003.6800537109375
21.600000381469727,411.1199951171875,2006.260009765625
21.1299991607666,419.8800048828125,2038.1800537109375
22.020000457763672,418.6400146484375,2031.43994140625
21.979999542236328,415.8699951171875,2015.3499755859375
23.100000381469727,413.07000732421875,2019.2099609375
24.459999084472656,413.80999755859375,2028.27001953125
22.81999969482422,413.17999267578125,2034.06005859375
23.760000228881836,410.9599914550781,2013.6800537109375
21.729999542236328,414.0799865722656,2048.409912109375
28.729999542236328,408.9800109863281,2009.949951171875
25.200000762939453,408.25,2029.739990234375
23.579999923706055,412.05999755859375,2054.550048828125
22.799999237060547,413.79998779296875,2076.489990234375
26.520000457763672,411.7099914550781,2064.68994140625
29.479999542236328,410.6199951171875,2053.89990234375
27.610000610351562,410.2300109863281,2062.340087890625
25.110000610351562,417.3399963378906,2102.590087890625
23.760000228881836,419.9599914550781,2120.389892578125
22.5,422.67999267578125,2142.429931640625
22.56999969482422,423.42999267578125,2158.080078125
21.84000015258789,423.9700012207031,2175.530029296875
20.139999389648438,424.0799865722656,2174.050048828125
20.100000381469727,426.5799865722656,2176.219970703125
18.950000762939453,425.4100036621094,2179.409912109375
21.43000030517578,424.95001220703125,2166.02001953125
21.90999984741211,422.5299987792969,2160.9599609375
19.459999084472656,423.3999938964844,2172.580078125
20.639999389648438,421.95001220703125,2154.1201171875
20.799999237060547,422.3800048828125,2172.919921875
19.31999969482422,424.19000244140625,2178.919921875
20.399999618530273,427.2300109863281,2197.530029296875
20.760000228881836,428.1400146484375,2187.2099609375
19.799999237060547,430.8500061035156,2195.739990234375
18.600000381469727,429.6099853515625,2195.22998046875
18.06999969482422,433.2900085449219,2224.639892578125
17.989999771118164,434.57000732421875,2230.97998046875
16.920000076293945,434.8800048828125,2237.18994140625
17.049999237060547,436.6700134277344,2243.179931640625
17.43000030517578,437.010009765625,2246.429931640625
16.989999771118164,435.45001220703125,2234.64990234375
16.709999084472656,436.2799987792969,2245.81005859375
16.780000686645508,436.6600036621094,2232.3798828125
16.649999618530273,438.2900085449219,2241.1298828125
17.040000915527344,442.44000244140625,2280.5
17.360000610351562,441.20001220703125,2253.510009765625
18.479999542236328,434.2099914550781,2214.590087890625
17.280000686645508,437.239990234375,2241.35009765625
18.559999465942383,439.20001220703125,2222.47998046875
17.940000534057617,439.32000732421875,2246.429931640625
17.6200008392334,440.2799987792969,2248.10009765625
17.469999313354492,439.6600036621094,2266.219970703125
16.8799991607666,440.6400146484375,2250.18994140625
17.670000076293945,438.7799987792969,2238.97998046875
18.649999618530273,437.8699951171875,2225.010009765625
18.15999984741211,440.6000061035156,2236.6201171875
18.84000015258789,435.2099914550781,2214.719970703125
18.40999984741211,441.2300109863281,2251.27001953125
18.450000762939453,441.8599853515625,2266.22998046875
17.34000015258789,445.7099914550781,2266.89990234375
21.170000076293945,444.42999267578125,2246.2099609375
22.420000076293945,436.80999755859375,2191.6201171875
21.770000457763672,438.5799865722656,2227.60009765625
19.889999389648438,443.0199890136719,2245.449951171875
18.889999389648438,443.3999938964844,2245.919921875
22.459999084472656,441.010009765625,2224.1298828125
22.329999923706055,437.1400146484375,2214.760009765625
20.420000076293945,442.3999938964844,2249.330078125
18.350000381469727,445.489990234375,2248.300048828125
18.3700008392334,445.4700012207031,2245.330078125
18.030000686645508,445.1000061035156,2225.090087890625
16.799999237060547,446.9800109863281,2249.570068359375
17.239999771118164,447.5799865722656,2253.0400390625
17.860000610351562,450.2099914550781,2267.419921875
17.729999542236328,451.45001220703125,2269.8798828125
18.09000015258789,451.1700134277344,2272.179931640625
17.34000015258789,452.3900146484375,2271.239990234375
16.579999923706055,453.6199951171875,2264.22998046875
17.18000030517578,454.2099914550781,2276.419921875
18.18000030517578,454.7300109863281,2273.25
16.18000030517578,455.0799865722656,2269.330078125
16.040000915527344,458.1300048828125,2286.219970703125
16.270000457763672,458.92999267578125,2294.8701171875
16.989999771118164,459.1600036621094,2283.02001953125
18.489999771118164,458.8699951171875,2275.60009765625
16.959999084472656,458.7099914550781,2267.6201171875
21.739999771118164,450.8699951171875,2233.719970703125
17.90999984741211,455.6499938964844,2272.2099609375
16.25,456.8599853515625,2272.1201171875
15.989999771118164,453.4700012207031,2246.22998046875
16.06999969482422,457.7099914550781,2275.6298828125
15.6899995803833,454.9200134277344,2256.780029296875
16.18000030517578,456.2699890136719,2280.050048828125
15.619999885559082,453.5899963378906,2273.39990234375
15.529999732971191,456.1499938964844,2280.7099609375
15.770000457763672,458.3800048828125,2300.360107421875
16.43000030517578,456.5299987792969,2299.72998046875
17.739999771118164,458.67999267578125,2317.56005859375
17.8799991607666,452.45001220703125,2301.93994140625
16.850000381469727,458.1099853515625,2320.8798828125
16.389999389648438,460.9200134277344,2339.909912109375
17.34000015258789,460.760009765625,2344.409912109375
16.700000762939453,459.9599914550781,2354.179931640625
16.799999237060547,456.3800048828125,2348.64990234375
19.610000610351562,453.239990234375,2330.47998046875
20.889999389648438,445.17999267578125,2298.1298828125
19.729999542236328,447.80999755859375,2317.239990234375
17.59000015258789,455.29998779296875,2346.9599609375
16.979999542236328,457.489990234375,2363.449951171875
18.670000076293945,461.0,2377.81005859375
18.6200008392334,461.0,2378.219970703125
19.40999984741211,458.8599853515625,2378.780029296875
17.90999984741211,462.1199951171875,2391.080078125
19.690000534057617,462.69000244140625,2369.3798828125
18.15999984741211,462.3999938964844,2382.489990234375
19.170000076293945,464.4800109863281,2382.3701171875
18.229999542236328,466.3500061035156,2388.239990234375
17.729999542236328,467.9599914550781,2391.02001953125
17.459999084472656,469.9100036621094,2395.199951171875
17.1200008392334,469.8800048828125,2375.800048828125
16.81999969482422,470.760009765625,2385.919921875
16.809999465942383,472.44000244140625,2397.179931640625
16.329999923706055,473.760009765625,2400.949951171875
15.680000305175781,474.6099853515625,2405.969970703125
17.049999237060547,474.82000732421875,2396.989990234375
17.309999465942383,472.79998779296875,2367.260009765625
17.559999465942383,473.9800109863281,2385.580078125
23.1200008392334,472.4700012207031,2341.679931640625
22.739999771118164,467.1400146484375,2330.300048828125
18.829999923706055,470.17999267578125,2377.739990234375
16.959999084472656,472.760009765625,2378.590087890625
17.420000076293945,471.75,2363.070068359375
17.459999084472656,470.8699951171875,2364.22998046875
17.950000762939453,470.0199890136719,2369.169921875
16.770000457763672,472.4700012207031,2377.030029296875
15.979999542236328,472.8500061035156,2377.090087890625
16.059999465942383,471.739990234375,2369.510009765625
16.270000457763672,472.95001220703125,2369.659912109375
16.270000457763672,474.3699951171875,2388.47998046875
16.940000534057617,475.1000061035156,2391.56005859375
18.969999313354492,472.67999267578125,2361.199951171875
19.440000534057617,468.0899963378906,2329.419921875
17.940000534057617,467.67999267578125,2355.580078125
19.639999389648438,466.4700012207031,2355.10009765625
19.579999923706055,467.57000732421875,2338.18994140625
19.299999237060547,467.67999267578125,2338.179931640625
18.40999984741211,463.8999938964844,2332.75
18.3700008392334,465.94000244140625,2358.6298828125
24.25,458.94000244140625,2296.530029296875
23.40999984741211,454.04998779296875,2273.6201171875
22.719999313354492,459.6099853515625,2294.7900390625
19.90999984741211,464.4599914550781,2320.110107421875
19.329999923706055,466.79998779296875,2332.3798828125
17.780000686645508,464.45001220703125,2329.719970703125
19.739999771118164,461.9800109863281,2297.570068359375
22.06999969482422,453.1099853515625,2264.739990234375
21.479999542236328,456.5400085449219,2270.64990234375
24.780000686645508,451.7300109863281,2224.39990234375
22.899999618530273,452.1600036621094,2241.5400390625
22.920000076293945,451.19000244140625,2231.75
22.950000762939453,454.45001220703125,2239.68994140625
20.540000915527344,454.2900085449219,2245.39990234375
19.459999084472656,458.4599914550781,2257.6201171875
19.93000030517578,457.1199951171875,2232.5
20.6200008392334,456.0,2210.159912109375
20.139999389648438,456.94000244140625,2246.9599609375
18.010000228881836,461.6499938964844,2289.639892578125
16.639999389648438,466.7099914550781,2305.9599609375
17.290000915527344,468.8999938964844,2309.97998046875
16.09000015258789,467.5799865722656,2319.340087890625
15.819999694824219,468.05999755859375,2318.739990234375
16.059999465942383,469.3299865722656,2311.56005859375
15.350000381469727,469.9599914550781,2327.070068359375
16.139999389648438,472.1600036621094,2352.989990234375
15.020000457763672,472.3399963378906,2326.9599609375
15.789999961853027,475.3299865722656,2334.080078125
17.059999465942383,473.7200012207031,2310.639892578125
17.399999618530273,474.69000244140625,2297.43994140625
16.850000381469727,475.8699951171875,2301.010009765625
16.540000915527344,477.82000732421875,2300.570068359375
16.110000610351562,479.4200134277344,2300.3701171875
15.0600004196167,482.2099914550781,2330.56005859375
15.59000015258789,482.6000061035156,2326.22998046875
17.229999542236328,483.1400146484375,2320.72998046875
17.43000030517578,482.82000732421875,2326.860107421875
17.739999771118164,483.1400146484375,2324.469970703125
18.34000015258789,483.3500061035156,2331.090087890625
17.489999771118164,485.5299987792969,2347.52001953125
17.030000686645508,486.30999755859375,2360.3798828125
16.860000610351562,489.54998779296875,2379.27001953125
16.360000610351562,489.55999755859375,2376.780029296875
16.809999465942383,489.8699951171875,2383.239990234375
17.360000610351562,488.0,2379.6298828125
18.200000762939453,487.010009765625,2378.949951171875
20.239999771118164,483.6199951171875,2352.179931640625
19.170000076293945,479.6700134277344,2339.780029296875
26.6200008392334,473.989990234375,2266.6298828125
25.309999465942383,466.7699890136719,2262.56005859375
26.229999542236328,464.8299865722656,2245.2099609375
24.920000076293945,464.1199951171875,2261.530029296875
29.440000534057617,468.4599914550781,2261.47998046875
26.950000762939453,466.5299987792969,2278.919921875
28.989999771118164,464.3299865722656,2260.31005859375
24.579999923706055,471.0,2305.7099609375
21.739999771118164,479.7300109863281,2332.68994140625
20.309999465942383,478.6600036621094,2338.919921875
21.270000457763672,475.9599914550781,2312.110107421875
19.290000915527344,476.2799987792969,2322.110107421875
19.670000076293945,474.5199890136719,2319.8798828125
21.600000381469727,470.05999755859375,2289.550048828125
18.559999465942383,473.9200134277344,2330.77001953125
20.700000762939453,475.6300048828125,2304.64990234375
25.889999389648438,470.6400146484375,2260.590087890625
22.280000686645508,469.25,2305.1298828125
21.040000915527344,474.760009765625,2322.5400390625
18.809999465942383,478.95001220703125,2346.320068359375
19.3700008392334,481.9100036621094,2381.159912109375
17.780000686645508,485.8399963378906,2407.919921875
17.6299991607666,488.8800048828125,2421.550048828125
17.299999237060547,488.1499938964844,2417.699951171875
17.600000381469727,488.2799987792969,2424.0400390625
16.56999969482422,492.1000061035156,2456.10009765625
17.06999969482422,493.989990234375,2459.47998046875
19.850000381469727,487.9700012207031,2415.47998046875
19.579999923706055,487.5799865722656,2413.52001953125
19.6200008392334,480.7699890136719,2371.14990234375
18.170000076293945,485.1499938964844,2398.97998046875
18.059999465942383,485.67999267578125,2396.429931640625
20.110000610351562,484.6300048828125,2376.1201171875
21.18000030517578,483.6499938964844,2351.5
23.1200008392334,478.8800048828125,2308.14990234375
23.459999084472656,481.3999938964844,2343.429931640625
25.3799991607666,480.1400146484375,2328.110107421875
28.200000762939453,472.8999938964844,2296.64990234375
32.290000915527344,458.8500061035156,2250.570068359375
29.350000381469727,461.29998779296875,2259.590087890625
32.189998626708984,464.9700012207031,2245.489990234375
30.270000457763672,469.6000061035156,2267.6201171875
28.360000610351562,468.1600036621094,2295.760009765625
24.56999969482422,470.489990234375,2309.179931640625
21.559999465942383,476.8399963378906,2327.75
22.6299991607666,476.489990234375,2323.0400390625
23.770000457763672,468.82000732421875,2295.050048828125
24.09000015258789,463.9800109863281,2269.93994140625
23.09000015258789,465.54998779296875,2274.9599609375
21.270000457763672,466.7799987792969,2284.8798828125
20.3700008392334,473.8399963378906,2320.81005859375
24.389999389648438,470.1499938964844,2291.97998046875
29.170000076293945,466.4700012207031,2240.1298828125
28.09000015258789,460.8399963378906,2236.85009765625
25.190000534057617,468.3399963378906,2289.5400390625
24.829999923706055,468.0400085449219,2267.780029296875
26.65999984741211,464.6400146484375,2225.6201171875
31.799999237060547,450.6499938964844,2109.260009765625
28.040000915527344,455.55999755859375,2163.030029296875
37.5,448.5899963378906,2057.110107421875
31.68000030517578,440.6300048828125,2100.7900390625
32.439998626708984,450.8999938964844,2094.39990234375
29.450000762939453,453.0,2122.3798828125
34.20000076293945,441.3999938964844,2066.27001953125
30.520000457763672,446.3999938964844,2084.97998046875
31.899999618530273,436.6099853515625,2023.1099853515625
35.880001068115234,418.6700134277344,1924.06005859375
36.189998626708984,414.4800109863281,1945.510009765625
33.7400016784668,418.4200134277344,2023.6400146484375
33.029998779296875,434.6700134277344,2056.860107421875
30.43000030517578,427.8599853515625,2047.6199951171875
31.030000686645508,432.0199890136719,2084.3798828125
33.130001068115234,433.4100036621094,2076.27001953125
29.020000457763672,438.760009765625,2128.300048828125
26.510000228881836,449.1400146484375,2177.820068359375
26.360000610351562,451.19000244140625,2167.510009765625
25.139999389648438,454.5,2177.639892578125
24.020000457763672,455.17999267578125,2182.780029296875
23.040000915527344,459.3699951171875,2189.820068359375
23.610000610351562,454.5799865722656,2158.090087890625
21.8700008392334,453.2900085449219,2125.6201171875
22.139999389648438,453.5899963378906,2115.080078125
19.700000762939453,456.04998779296875,2144.679931640625
19.3799991607666,461.92999267578125,2147.3798828125
19.68000030517578,460.1099853515625,2139.590087890625
20.6200008392334,456.4599914550781,2096.489990234375
20.75,459.3599853515625,2125.47998046875
18.790000915527344,462.7900085449219,2136.52001953125
21.270000457763672,462.739990234375,2135.02001953125
21.969999313354492,456.510009765625,2103.14990234375
21.25,456.95001220703125,2123.800048828125
23.09000015258789,459.2799987792969,2121.10009765625
24.940000534057617,456.6300048828125,2077.2900390625
23.520000457763672,456.489990234375,2094.080078125
21.719999313354492,456.989990234375,2099.090087890625
22.549999237060547,457.8999938964844,2085.18994140625
21.1299991607666,456.32000732421875,2100.699951171875
20.239999771118164,459.8699951171875,2111.8701171875
22.709999084472656,458.5199890136719,2100.739990234375
30.040000915527344,449.6400146484375,2051.159912109375
27.3799991607666,447.0400085449219,2064.2900390625
31.110000610351562,440.70001220703125,2013.780029296875
29.90999984741211,445.9100036621094,2062.0400390625
28.969999313354492,448.5299987792969,2054.659912109375
33.349998474121094,448.260009765625,2038.469970703125
31.760000228881836,444.9599914550781,2037.25
29.1200008392334,446.3399963378906,2030.7900390625
25.969999313354492,444.17999267578125,2040.1700439453125
32.22999954223633,436.6400146484375,1972.949951171875
31.899999618530273,428.54998779296875,1946.8900146484375
33.65999984741211,418.6600036621094,1932.4000244140625
32.869998931884766,421.82000732421875,1958.3499755859375
33.7400016784668,423.7699890136719,1940.6500244140625
31.09000015258789,425.7900085449219,1995.010009765625
30.010000228881836,432.45001220703125,2005.77001953125
27.06999969482422,435.4800109863281,2020.02001953125
26.739999771118164,439.2799987792969,2033.93994140625
31.239999771118164,431.57000732421875,1976.010009765625
28.780000686645508,429.2799987792969,2007.22998046875
28.979999542236328,432.8500061035156,2019.2099609375
29.43000030517578,434.760009765625,2004.0999755859375
29.329999923706055,432.9700012207031,2014.550048828125
27.5,438.57000732421875,2021.18994140625
27.469999313354492,446.0199890136719,2072.81005859375
26.049999237060547,443.6199951171875,2057.530029296875
25.729999542236328,439.5400085449219,2049.199951171875
24.90999984741211,442.4100036621094,2091.949951171875
25.540000915527344,442.8699951171875,2077.5
24.3700008392334,443.6600036621094,2085.5400390625
24.290000915527344,439.04998779296875,2061.1298828125
26.260000228881836,433.2900085449219,2027.719970703125
31.3700008392334,420.75,1963.1700439453125
33.0099983215332,414.010009765625,1967.6400146484375
32.38999938964844,408.1199951171875,1952.4100341796875
30.350000381469727,412.5899963378906,1940.949951171875
32.84000015258789,403.3699951171875,1896.7099609375
30.6299991607666,407.4100036621094,1904.25
31.450000762939453,408.8399963378906,1881.030029296875
29.290000915527344,404.4200134277344,1885.02001953125
28.299999237060547,413.5199890136719,1902.0799560546875
26.899999618530273,416.0400085449219,1927.5799560546875
28.799999237060547,414.6300048828125,1898.6300048828125
29.420000076293945,411.9599914550781,1884.9300537109375
29.530000686645508,405.8900146484375,1860.719970703125
27.3700008392334,410.19000244140625,1904.9599609375
27.84000015258789,402.20001220703125,1889.9100341796875
26.729999542236328,409.4200134277344,1935.77001953125
26.40999984741211,414.8599853515625,1955.77001953125
26.420000076293945,415.010009765625,1941.699951171875
27.139999389648438,414.4599914550781,1924.2900390625
27.350000381469727,416.9100036621094,1958.8399658203125
27.469999313354492,412.55999755859375,1922.1500244140625
26.719999313354492,407.4100036621094,1906.2900390625
24.829999923706055,414.7300109863281,1920.31005859375
25.1200008392334,416.17999267578125,1919.8599853515625
24.229999542236328,423.57000732421875,1968.1099853515625
24.06999969482422,422.1700134277344,1953.739990234375
23.299999237060547,424.2900085449219,1973.1700439453125
24.329999923706055,425.0400085449219,1970.699951171875
23.950000762939453,426.20001220703125,1971.18994140625
24.270000457763672,426.7300109863281,1972.3299560546875
23.329999923706055,429.5199890136719,1982.199951171875
22.1299991607666,433.55999755859375,2007.3299560546875
24.079999923706055,436.42999267578125,1996.6800537109375
23.860000610351562,435.7900085449219,1990.8299560546875
22.059999465942383,438.1300048828125,2011.949951171875
21.5,439.1099853515625,2024.219970703125
21.739999771118164,437.0,2015.6700439453125
21.40999984741211,438.5400085449219,2013.52001953125
22.280000686645508,435.7200012207031,1979.1600341796875
19.84000015258789,440.92999267578125,2037.1600341796875
20.34000015258789,440.5199890136719,2030.0
20.739999771118164,441.6499938964844,2039.06005859375
20.229999542236328,443.0299987792969,2043.8299560546875
19.739999771118164,443.7099914550781,2059.570068359375
20.510000228881836,438.29998779296875,2034.2900390625
20.15999984741211,440.05999755859375,2044.2099609375
22.40999984741211,437.0799865722656,2033.0799560546875
24.1299991607666,433.0299987792969,1986.7900390625
24.3700008392334,431.0400085449219,1977.800048828125
22.40999984741211,432.95001220703125,1995.0899658203125
22.06999969482422,434.0400085449219,1998.1600341796875
26.860000610351562,424.95001220703125,1933.969970703125
25.75,423.2200012207031,1945.489990234375
25.860000610351562,420.4800109863281,1950.3499755859375
26.8799991607666,414.4700012207031,1903.9599609375
25.510000228881836,408.8900146484375,1893.3599853515625
25.459999084472656,413.239990234375,1898.22998046875
26.93000030517578,413.2200012207031,1886.4300537109375
24.700000762939453,412.95001220703125,1905.699951171875
23.489999771118164,414.19000244140625,1911.8800048828125
23.579999923706055,420.3599853515625,1943.56005859375
23.670000076293945,427.92999267578125,1982.75
26.729999542236328,420.6499938964844,1926.5999755859375
26.100000381469727,417.2799987792969,1915.5899658203125
27.469999313354492,412.8299865722656,1894.27001953125
27.690000534057617,408.3500061035156,1878.8499755859375
25.649999618530273,408.2799987792969,1889.030029296875
28.030000686645508,403.79998779296875,1846.7900390625
28.15999984741211,405.3999938964844,1851.6800537109375
27.68000030517578,399.69000244140625,1836.7099609375
31.739999771118164,388.6400146484375,1807.02001953125
31.200000762939453,389.32000732421875,1825.75
34.5,386.9200134277344,1812.5699462890625
31.670000076293945,388.8999938964844,1827.1099853515625
31.610000610351562,383.70001220703125,1805.6199951171875
33.0,386.42999267578125,1809.969970703125
29.520000457763672,392.79998779296875,1860.0899658203125
29.360000610351562,402.9100036621094,1901.489990234375
28.600000381469727,400.1000061035156,1895.72998046875
30.3700008392334,395.70001220703125,1871.9000244140625
32.93000030517578,391.0199890136719,1826.489990234375
33.560001373291016,389.19000244140625,1824.3699951171875
33.540000915527344,387.260009765625,1839.260009765625
33.599998474121094,385.1099853515625,1826.43994140625
31.889999389648438,390.8699951171875,1880.18994140625
32.27000045776367,391.79998779296875,1868.280029296875
31.100000381469727,398.3599853515625,1928.989990234375
30.940000534057617,399.8999938964844,1953.9000244140625
31.299999237060547,396.9800109863281,1919.6700439453125
30.209999084472656,397.2200012207031,1887.2099609375
30.649999618530273,398.4599914550781,1916.6199951171875
29.799999237060547,402.8399963378906,1945.719970703125
28.440000534057617,407.55999755859375,1965.18994140625
27.510000228881836,409.6300048828125,1962.4000244140625
27.43000030517578,408.55999755859375,1945.4599609375
26.90999984741211,411.29998779296875,1979.0
25.959999084472656,413.30999755859375,1980.2099609375
26.040000915527344,415.2900085449219,1980.02001953125
25.979999542236328,411.20001220703125,1965.6500244140625
25.6299991607666,410.9100036621094,1967.4300537109375
25.670000076293945,416.25,1990.0899658203125
24.709999084472656,417.6099853515625,2005.030029296875
25.34000015258789,420.8399963378906,2031.030029296875
26.510000228881836,419.260009765625,2020.2900390625
23.889999389648438,433.3900146484375,2119.080078125
23.989999771118164,432.67999267578125,2116.639892578125
23.770000457763672,433.0299987792969,2112.780029296875
24.290000915527344,433.8500061035156,2102.10009765625
24.049999237060547,430.7799987792969,2077.64990234375
24.030000686645508,430.0299987792969,2074.0400390625
24.049999237060547,432.8500061035156,2082.199951171875
22.59000015258789,433.3900146484375,2082.030029296875
21.489999771118164,436.3699951171875,2103.320068359375
20.610000610351562,440.30999755859375,2109.89990234375
22.09000015258789,439.5400085449219,2106.89990234375
22.09000015258789,438.760009765625,2103.010009765625
21.700000762939453,438.010009765625,2105.780029296875
20.829999923706055,441.55999755859375,2125.530029296875
20.420000076293945,442.80999755859375,2123.030029296875
20.299999237060547,442.94000244140625,2128.070068359375
20.690000534057617,440.94000244140625,2134.610107421875
22.31999969482422,438.0299987792969,2107.530029296875
22.809999465942383,436.1400146484375,2093.31005859375
22.549999237060547,436.3800048828125,2102.7099609375
24.399999618530273,437.8800048828125,2104.840087890625
25.239999771118164,437.2900085449219,2115.340087890625
22.829999923706055,441.7900085449219,2136.5
21.520000457763672,440.1499938964844,2116.0400390625
23.260000228881836,429.30999755859375,2076.780029296875
22.6299991607666,425.3800048828125,2054.169921875
23.170000076293945,424.1199951171875,2029.43994140625
21.25,425.3299865722656,2045.22998046875
20.079999923706055,431.4200134277344,2065.10009765625
22.170000076293945,427.30999755859375,2043.969970703125
21.670000076293945,428.2799987792969,2068.820068359375
21.469999313354492,428.5299987792969,2067.56005859375
22.25,426.8399963378906,2050.719970703125
21.829999923706055,430.0199890136719,2067.669921875
23.09000015258789,430.010009765625,2070.02001953125
22.93000030517578,435.04998779296875,2096.81005859375
22.200000762939453,439.4200134277344,2114.989990234375
21.75,445.3900146484375,2161.919921875
22.219999313354492,446.6300048828125,2178.89990234375
20.799999237060547,445.8399963378906,2183.820068359375
21.559999465942383,447.7900085449219,2213.929931640625
19.0,450.20001220703125,2222.159912109375
19.889999389648438,454.4100036621094,2221.239990234375
19.280000686645508,456.510009765625,2221.800048828125
20.43000030517578,455.5799865722656,2202.330078125
20.280000686645508,450.67999267578125,2185.659912109375
20.209999084472656,451.8599853515625,2208.169921875
19.889999389648438,455.0899963378906,2227.300048828125
19.559999465942383,453.17999267578125,2215.7900390625
19.049999237060547,453.239990234375,2204.300048828125
18.899999618530273,454.1499938964844,2198.1298828125
19.760000228881836,453.9599914550781,2190.239990234375
20.1200008392334,453.82000732421875,2197.610107421875
19.6200008392334,453.7200012207031,2197.110107421875
17.739999771118164,453.6300048828125,2228.2900390625
18.56999969482422,457.8599853515625,2271.760009765625
19.229999542236328,460.1499938964844,2281.110107421875
19.540000915527344,457.79998779296875,2262.330078125
18.8799991607666,459.5400085449219,2266.669921875
19.239999771118164,460.8999938964844,2260.1298828125
20.739999771118164,460.9599914550781,2226.429931640625
21.65999984741211,458.2300109863281,2209.6298828125
20.719999313354492,462.5199890136719,2239.449951171875
19.3700008392334,461.3599853515625,2229.47998046875
18.260000228881836,465.54998779296875,2265.219970703125
20.940000534057617,463.44000244140625,2242.419921875
21.799999237060547,464.17999267578125,2236.6298828125
23.030000686645508,463.3399963378906,2218.68994140625
21.959999084472656,462.3500061035156,2225.659912109375
21.350000381469727,462.94000244140625,2233.64990234375
21.989999771118164,458.44000244140625,2216.68994140625
21.299999237060547,461.6700134277344,2227.300048828125
20.389999389648438,460.5299987792969,2231.2900390625
21.40999984741211,456.5799865722656,2203.679931640625
19.760000228881836,461.1099853515625,2224.080078125
19.049999237060547,465.1300048828125,2259.89990234375
18.639999389648438,464.1400146484375,2259.449951171875
19.709999084472656,459.8399963378906,2238.300048828125
19.329999923706055,460.3599853515625,2245.97998046875
23.34000015258789,457.54998779296875,2207.340087890625
24.049999237060547,453.3800048828125,2199.89990234375
26.850000381469727,443.4800109863281,2152.679931640625
23.209999084472656,449.19000244140625,2179.72998046875
26.190000534057617,437.4800109863281,2126.97998046875
22.920000076293945,443.1400146484375,2137.489990234375
27.770000457763672,435.04998779296875,2071.389892578125
24.15999984741211,441.8500061035156,2134.0400390625
21.799999237060547,446.8900146484375,2144.5400390625
21.540000915527344,446.010009765625,2133.5400390625
22.110000610351562,445.3699951171875,2121.919921875
22.049999237060547,440.82000732421875,2110.280029296875
20.530000686645508,445.3399963378906,2130.300048828125
19.389999389648438,444.69000244140625,2128.679931640625
19.1200008392334,450.4800109863281,2153.659912109375
19.209999084472656,455.1400146484375,2197.570068359375
19.790000915527344,457.8299865722656,2215.43994140625
18.790000915527344,458.0199890136719,2222.6298828125
19.420000076293945,457.1499938964844,2209.27001953125
19.299999237060547,456.3900146484375,2176.7900390625
19.079999923706055,459.3999938964844,2205.6298828125
19.3799991607666,461.5199890136719,2215.3701171875
18.829999923706055,462.7799987792969,2217.080078125
17.940000534057617,464.30999755859375,2235.0400390625
17.579999923706055,467.3299865722656,2258.9599609375
16.940000534057617,466.7699890136719,2251.860107421875
17.299999237060547,468.7099914550781,2252.340087890625
16.850000381469727,467.7099914550781,2250.3701171875
17.510000228881836,467.3800048828125,2251.949951171875
18.219999313354492,468.3299865722656,2247.889892578125
17.6200008392334,468.32000732421875,2256.199951171875
18.65999984741211,466.3900146484375,2247.39990234375
18.43000030517578,462.7900085449219,2240.550048828125
17.209999084472656,464.1400146484375,2277.820068359375
16.270000457763672,466.5199890136719,2273.6298828125
17.81999969482422,461.760009765625,2241.330078125
19.170000076293945,459.9800109863281,2227.75
19.5,460.19000244140625,2232.719970703125
17.729999542236328,465.5,2241.330078125
17.290000915527344,466.989990234375,2236.60009765625
17.579999923706055,465.44000244140625,2224.5
16.799999237060547,463.2099914550781,2215.889892578125
16.829999923706055,463.5199890136719,2239.25
17.440000534057617,465.3900146484375,2245.35009765625
17.540000915527344,466.07000732421875,2240.739990234375
17.959999084472656,464.260009765625,2233.179931640625
16.1299991607666,466.17999267578125,2280.27001953125
17.450000762939453,468.6499938964844,2285.550048828125
17.350000381469727,468.6000061035156,2277.080078125
18.799999237060547,465.760009765625,2250.81005859375
19.540000915527344,457.95001220703125,2236.1298828125
19.06999969482422,456.55999755859375,2242.090087890625
17.559999465942383,460.75,2260.679931640625
18.040000915527344,456.1700134277344,2240.159912109375
17.239999771118164,452.42999267578125,2248.580078125
15.649999618530273,455.3800048828125,2267.840087890625
15.279999732971191,461.79998779296875,2295.090087890625
14.140000343322754,461.9200134277344,2299.929931640625
14.140000343322754,460.0,2299.419921875
13.779999732971191,461.0799865722656,2307.050048828125
14.4399995803833,460.2900085449219,2311.22998046875
14.989999771118164,460.9100036621094,2319.3798828125
14.479999542236328,463.5199890136719,2315.090087890625
14.09000015258789,464.42999267578125,2306.27001953125
14.489999771118164,464.6600036621094,2321.2900390625
14.359999656677246,461.6499938964844,2287.929931640625
13.880000114440918,459.3699951171875,2276.860107421875
13.880000114440918,454.6600036621094,2246.030029296875
14.430000305175781,453.1499938964844,2224.070068359375
14.109999656677246,452.9100036621094,2240.030029296875
13.899999618530273,453.45001220703125,2257.0400390625
13.640000343322754,456.1499938964844,2259.14990234375
13.510000228881836,457.1099853515625,2291.14990234375
13.850000381469727,461.8900146484375,2312.830078125
14.1899995803833,460.82000732421875,2284.659912109375
14.850000381469727,457.6300048828125,2264.75
15.970000267028809,447.4100036621094,2237.639892578125
16.079999923706055,447.29998779296875,2239.27001953125
15.020000457763672,449.1700134277344,2253.39990234375
14.819999694824219,451.9200134277344,2252.169921875
13.4399995803833,458.7099914550781,2263.47998046875
13.720000267028809,460.5299987792969,2257.489990234375
13.779999732971191,460.20001220703125,2233.239990234375
13.609999656677246,457.8599853515625,2252.389892578125
13.319999694824219,460.4100036621094,2262.239990234375
13.960000038146973,461.80999755859375,2219.679931640625
13.869999885559082,464.07000732421875,2211.60009765625
14.289999961853027,465.0,2218.659912109375
14.020000457763672,465.6600036621094,2244.14990234375
13.859999656677246,468.1400146484375,2255.760009765625
13.140000343322754,465.67999267578125,2245.10009765625
14.029999732971191,470.9599914550781,2248.469970703125
13.979999542236328,470.8699951171875,2249.590087890625
15.699999809265137,466.19000244140625,2227.639892578125
16.770000457763672,460.3399963378906,2211.320068359375
16.010000228881836,458.010009765625,2201.489990234375
16.899999618530273,459.25,2201.840087890625
16.280000686645508,459.2099914550781,2196.35009765625
15.8100004196167,459.1499938964844,2207.2099609375
15.579999923706055,460.19000244140625,2215.389892578125
15.529999732971191,463.5199890136719,2217.080078125
15.880000114440918,459.0400085449219,2193.5
14.949999809265137,460.2099914550781,2203.47998046875
16.540000915527344,455.3500061035156,2168.030029296875
16.959999084472656,454.8900146484375,2164.449951171875
17.799999237060547,450.489990234375,2142.280029296875
18.030000686645508,448.5400085449219,2141.60009765625
16.959999084472656,449.2099914550781,2150.169921875
16.639999389648438,451.9800109863281,2155.889892578125
15.569999694824219,454.1300048828125,2166.199951171875
17.209999084472656,451.19000244140625,2134.179931640625
16.239999771118164,452.07000732421875,2163.050048828125
15.079999923706055,456.1700134277344,2179.93994140625
14.529999732971191,459.7799987792969,2196.090087890625
13.979999542236328,459.0,2186.31005859375
13.5600004196167,458.30999755859375,2179.530029296875
14.149999618530273,457.44000244140625,2188.85009765625
14.270000457763672,456.3599853515625,2196.9599609375
14.8100004196167,453.8800048828125,2195.070068359375
14.220000267028809,454.1700134277344,2190.14990234375
14.170000076293945,454.9700012207031,2181.389892578125
14.020000457763672,456.5899963378906,2187.550048828125
14.420000076293945,454.4599914550781,2168.97998046875
13.390000343322754,454.04998779296875,2162.139892578125
12.699999809265137,461.6499938964844,2200.929931640625
14.399999618530273,461.44000244140625,2194.199951171875
14.109999656677246,456.42999267578125,2182.080078125
14.180000305175781,456.3599853515625,2178.3701171875
15.489999771118164,459.9599914550781,2186.889892578125
17.309999465942383,454.0199890136719,2169.610107421875
17.25,452.7200012207031,2161.719970703125
18.030000686645508,449.94000244140625,2148.340087890625
18.290000915527344,447.6099853515625,2135.530029296875
18.219999313354492,447.010009765625,2127.800048828125
16.8700008392334,449.760009765625,2144.419921875
17.309999465942383,450.82000732421875,2157.469970703125
17.809999465942383,444.8900146484375,2136.139892578125
20.719999313354492,439.7200012207031,2111.139892578125
18.670000076293945,440.82000732421875,2118.820068359375
18.729999542236328,442.1199951171875,2131.449951171875
19.540000915527344,444.8399963378906,2145.93994140625
17.700000762939453,444.5899963378906,2155.280029296875
16.950000762939453,452.8399963378906,2186.409912109375
16.079999923706055,453.70001220703125,2208.22998046875
16.530000686645508,453.32000732421875,2205.739990234375
19.100000381469727,449.5299987792969,2193.2099609375
17.40999984741211,450.0,2185.1201171875
18.360000610351562,449.5799865722656,2167.590087890625
19.729999542236328,444.2699890136719,2132.25
21.59000015258789,438.7300109863281,2100.0
21.829999923706055,433.7699890136719,2086.68994140625
20.030000686645508,433.42999267578125,2066.0400390625
19.389999389648438,434.9100036621094,2072.909912109375
21.780000686645508,434.3399963378906,2047.3800048828125
20.389999389648438,432.7200012207031,2065.4599609375
21.1299991607666,430.3900146484375,2049.659912109375
19.860000610351562,431.32000732421875,2060.080078125
18.020000457763672,434.7099914550781,2081.81005859375
16.59000015258789,437.95001220703125,2086.6298828125
15.699999809265137,443.95001220703125,2122.429931640625
15.390000343322754,444.79998779296875,2140.330078125
15.100000381469727,442.57000732421875,2112.320068359375
14.90999984741211,442.05999755859375,2106.389892578125
14.609999656677246,443.8699951171875,2114.800048828125
15.09000015258789,446.6400146484375,2122.159912109375
15.15999984741211,444.8399963378906,2125.300048828125
14.829999923706055,446.9599914550781,2126.929931640625
14.210000038146973,453.0799865722656,2175.14990234375
14.119999885559082,453.6499938964844,2189.7900390625
14.180000305175781,452.0400085449219,2181.550048828125
14.260000228881836,455.67999267578125,2200.9599609375
13.449999809265137,456.17999267578125,2206.050048828125
13.079999923706055,456.1000061035156,2203.52001953125
13.029999732971191,458.17999267578125,2223.429931640625
13.140000343322754,459.6300048828125,2227.570068359375
12.779999732971191,457.7200012207031,2219.35009765625
12.710000038146973,456.7799987792969,2212.7099609375
13.069999694824219,459.70001220703125,2233.780029296875
12.9399995803833,461.8999938964844,2237.360107421875
13.279999732971191,465.4599914550781,2250.429931640625
13.260000228881836,465.42999267578125,2249.0400390625
12.779999732971191,468.4599914550781,2271.8798828125
13.170000076293945,469.6300048828125,2288.030029296875
13.140000343322754,468.9599914550781,2288.4599609375
13.050000190734863,472.5199890136719,2314.7900390625
12.6899995803833,473.3500061035156,2336.820068359375
12.199999809265137,472.6300048828125,2336.719970703125
11.960000038146973,474.79998779296875,2356.639892578125
12.119999885559082,477.0400085449219,2373.35009765625
12.619999885559082,475.7799987792969,2375.139892578125
12.600000381469727,475.4700012207031,2376.860107421875
12.630000114440918,477.4800109863281,2387.489990234375
13.399999618530273,476.92999267578125,2382.35009765625
13.720000267028809,476.6300048828125,2367.18994140625
13.020000457763672,477.42999267578125,2380.31005859375
12.4399995803833,479.75,2396.22998046875
12.550000190734863,478.2799987792969,2391.010009765625
13.350000381469727,478.1700134277344,2393.909912109375
13.930000305175781,475.3399963378906,2359.2900390625
14.239999771118164,476.4599914550781,2351.27001953125
14.0,475.7799987792969,2342.919921875
13.199999809265137,478.67999267578125,2360.889892578125
12.859999656677246,476.7699890136719,2341.7099609375
12.640000343322754,477.6199951171875,2358.97998046875
12.65999984741211,473.9200134277344,2342.659912109375
14.119999885559082,472.6700134277344,2329.989990234375
14.59000015258789,470.3800048828125,2298.510009765625
14.850000381469727,468.2200012207031,2301.3798828125
13.800000190734863,471.239990234375,2320.800048828125
13.770000457763672,469.95001220703125,2314.8701171875
13.199999809265137,473.6199951171875,2338.239990234375
12.65999984741211,472.6400146484375,2357.43994140625
13.180000305175781,477.1000061035156,2342.72998046875
13.729999542236328,478.45001220703125,2351.64990234375
13.979999542236328,484.4599914550781,2363.699951171875
13.6899995803833,485.6099853515625,2376.0400390625
13.420000076293945,486.7200012207031,2370.31005859375
14.210000038146973,485.4100036621094,2356.60009765625
13.949999809265137,485.07000732421875,2364.81005859375
14.369999885559082,484.1400146484375,2367.89990234375
13.569999694824219,484.94000244140625,2339.889892578125
13.0600004196167,486.9200134277344,2357.52001953125
12.949999809265137,485.510009765625,2356.429931640625
12.789999961853027,485.5199890136719,2358.489990234375
13.479999542236328,485.5199890136719,2357.780029296875
13.960000038146973,487.3500061035156,2365.22998046875
15.380000114440918,482.69000244140625,2349.25
14.270000457763672,485.8299865722656,2374.610107421875
13.9399995803833,489.5899963378906,2393.590087890625
15.09000015258789,491.8800048828125,2411.510009765625
15.539999961853027,491.5400085449219,2415.409912109375
14.279999732971191,493.44000244140625,2433.830078125
14.3100004196167,495.6400146484375,2424.050048828125
14.170000076293945,496.70001220703125,2434.659912109375
13.630000114440918,495.6300048828125,2439.070068359375
13.520000457763672,496.2200012207031,2438.9599609375
14.140000343322754,494.989990234375,2451.929931640625
13.34000015258789,495.0799865722656,2463.68994140625
13.489999771118164,498.5,2465.31005859375
13.75,497.1300048828125,2449.35009765625
14.270000457763672,495.9200134277344,2445.93994140625
14.979999542236328,496.8900146484375,2450.02001953125
14.220000267028809,503.45001220703125,2475.080078125
15.510000228881836,501.6600036621094,2472.39990234375
14.970000267028809,502.4800109863281,2489.27001953125
13.890000343322754,506.7900085449219,2527.35009765625
13.619999885559082,507.4599914550781,2534.090087890625
14.329999923706055,506.1400146484375,2528.489990234375
14.75,505.32000732421875,2534.550048828125
14.5,503.3999938964844,2497.06005859375
13.829999923706055,504.30999755859375,2504.81005859375
12.979999542236328,507.6300048828125,2528.570068359375
12.920000076293945,508.8900146484375,2533.169921875
13.670000076293945,509.45001220703125,2533.840087890625
13.119999885559082,509.4599914550781,2524.199951171875
13.130000114440918,510.7900085449219,2544.550048828125
12.930000305175781,512.0399780273438,2538.719970703125
13.739999771118164,513.3599853515625,2529.409912109375
15.0,508.6499938964844,2508.52001953125
14.289999961853027,510.0899963378906,2514.530029296875
16.450000762939453,508.6300048828125,2491.639892578125
16.239999771118164,506.20001220703125,2512.3798828125
15.34000015258789,508.6099853515625,2519.300048828125
15.239999771118164,507.29998779296875,2526.070068359375
16.020000457763672,505.9100036621094,2513.2099609375
14.90999984741211,506.3900146484375,2521.60009765625
16.940000534057617,505.4800109863281,2519.8798828125
19.489999771118164,503.510009765625,2495.60009765625
18.239999771118164,498.4599914550781,2488.419921875
17.90999984741211,499.07000732421875,2522.7099609375
21.329999923706055,498.2799987792969,2490.5400390625
18.59000015258789,499.29998779296875,2518.469970703125
16.719999313354492,502.8900146484375,2522.340087890625
15.760000228881836,507.989990234375,2544.070068359375
16.25,505.6700134277344,2542.360107421875
15.489999771118164,503.5299987792969,2536.320068359375
15.369999885559082,508.7200012207031,2566.5400390625
14.819999694824219,508.07000732421875,2565.75
15.140000343322754,504.1400146484375,2544.090087890625
14.510000228881836,503.8999938964844,2535.010009765625
13.979999542236328,506.0,2549.18994140625
13.520000457763672,509.80999755859375,2574.93994140625
13.239999771118164,514.3099975585938,2589.10009765625
12.770000457763672,517.9000244140625,2615.820068359375
13.260000228881836,521.02001953125,2625.89990234375
13.710000038146973,521.1599731445312,2624.800048828125
13.729999542236328,522.3499755859375,2639.969970703125
12.520000457763672,524.9299926757812,2628.52001953125
12.279999732971191,522.510009765625,2605.010009765625
12.300000190734863,523.0800170898438,2627.64990234375
12.050000190734863,522.4299926757812,2632.199951171875
11.529999732971191,521.3800048828125,2637.4599609375
12.859999656677246,520.0399780273438,2620.889892578125
12.510000228881836,522.219970703125,2632.909912109375
13.75,518.1500244140625,2610.85009765625
14.819999694824219,513.0,2578.449951171875
14.5,516.5900268554688,2595.0400390625
13.079999923706055,520.3099975585938,2627.469970703125
13.510000228881836,519.3499755859375,2607.219970703125
13.140000343322754,518.0900268554688,2600.909912109375
12.6899995803833,525.25,2620.949951171875
13.09000015258789,522.3499755859375,2609.909912109375
12.850000381469727,522.3499755859375,2607.35009765625
13.100000381469727,518.0,2593.909912109375
12.050000190734863,521.9600219726562,2624.830078125
12.220000267028809,517.0599975585938,2592.22998046875
13.069999694824219,511.9800109863281,2572.06005859375
12.699999809265137,513.0499877929688,2573.969970703125
12.5,514.6099853515625,2558.760009765625
13.850000381469727,514.469970703125,2551.72998046875
13.479999542236328,518.3699951171875,2583.93994140625
12.8100004196167,518.780029296875,2577.260009765625
12.6899995803833,514.469970703125,2571.27001953125
12.239999771118164,513.5399780273438,2572.300048828125
12.979999542236328,513.8200073242188,2591.320068359375
12.670000076293945,512.1099853515625,2573.85009765625
12.130000114440918,512.1500244140625,2564.7099609375
12.369999885559082,518.2899780273438,2575.919921875
12.90999984741211,516.5700073242188,2553.72998046875
12.479999542236328,515.5999755859375,2562.110107421875
12.510000228881836,511.8699951171875,2539.830078125
12.880000114440918,517.3599853515625,2559.489990234375
12.869999885559082,519.75,2582.89990234375
12.779999732971191,522.8699951171875,2619.219970703125
13.380000114440918,517.780029296875,2599.090087890625
13.600000381469727,516.3200073242188,2600.320068359375
14.270000457763672,515.8599853515625,2611.0400390625
16.440000534057617,513.0499877929688,2592.0400390625
16.790000915527344,511.2300109863281,2579.669921875
15.210000038146973,515.239990234375,2602.169921875
15.350000381469727,513.6500244140625,2579.570068359375
18.40999984741211,510.2300109863281,2548.739990234375
17.969999313354492,508.239990234375,2553.56005859375
16.59000015258789,513.6799926757812,2590.8701171875
16.639999389648438,512.6599731445312,2585.97998046875
16.65999984741211,514.280029296875,2614.840087890625
20.520000457763672,509.8900146484375,2522.280029296875
23.389999389648438,493.4800109863281,2388.3798828125
33.709999084472656,489.2900085449219,2434.2099609375
24.770000457763672,490.1499938964844,2418.830078125
28.34000015258789,495.1300048828125,2424.3798828125
23.780000686645508,497.4599914550781,2456.27001953125
20.790000915527344,499.79998779296875,2469.39990234375
20.059999465942383,499.82000732421875,2471.610107421875
18.40999984741211,502.05999755859375,2488.110107421875
16.270000457763672,504.8500061035156,2504.659912109375
15.289999961853027,510.54998779296875,2528.7099609375
15.9399995803833,511.4200134277344,2534.39990234375
14.890000343322754,514.72998046875,2545.89990234375
16.25,512.4400024414062,2527.550048828125
16.270000457763672,514.239990234375,2526.110107421875
17.1200008392334,516.1199951171875,2541.570068359375
16.270000457763672,518.219970703125,2557.3798828125
16.209999084472656,518.3099975585938,2569.5400390625
15.510000228881836,519.489990234375,2559.090087890625
16.540000915527344,520.7899780273438,2564.889892578125
15.670000076293945,524.530029296875,2589.27001953125
15.760000228881836,525.0,2591.550048828125
23.200000762939453,516.8800048828125,2523.31005859375
20.75,514.1300048828125,2523.199951171875
21.979999542236328,511.2200012207031,2494.989990234375
21.31999969482422,507.3900146484375,2495.780029296875
19.860000610351562,510.69000244140625,2504.89990234375
19.40999984741211,508.2799987792969,2499.909912109375
17.6200008392334,510.70001220703125,2523.25
17.030000686645508,512.8699951171875,2513.72998046875
17.15999984741211,514.7100219726562,2516.72998046875
17.15999984741211,516.0700073242188,2538.199951171875
17.579999923706055,517.1099853515625,2555.199951171875
17.209999084472656,516.97998046875,2569.27001953125
16.350000381469727,520.760009765625,2588.179931640625
16.709999084472656,514.489990234375,2578.68994140625
15.869999885559082,518.219970703125,2603.780029296875
15.819999694824219,518.5599975585938,2582.8701171875
15.0600004196167,521.4299926757812,2641.7099609375
15.640000343322754,525.5,2644.800048828125
17.010000228881836,527.1099853515625,2635.18994140625
16.959999084472656,523.280029296875,2632.75
19.649999618530273,521.6199951171875,2614.330078125
19.6299991607666,519.9400024414062,2615.31005859375
20.479999542236328,516.6300048828125,2593.050048828125
20.760000228881836,519.1199951171875,2610.949951171875
22.920000076293945,518.1300048828125,2583.7900390625
21.979999542236328,516.77001953125,2585.7099609375
20.90999984741211,520.219970703125,2592.080078125
20.8700008392334,518.9000244140625,2571.669921875
20.860000610351562,522.3499755859375,2591.510009765625
19.610000610351562,525.3499755859375,2601.889892578125
20.770000457763672,518.9500122070312,2563.93994140625
19.549999237060547,519.8599853515625,2587.719970703125
19.299999237060547,523.6799926757812,2573.409912109375
18.780000686645508,524.3800048828125,2591.10009765625
18.790000915527344,521.7000122070312,2579.43994140625
18.209999084472656,519.6699829101562,2573.320068359375
18.8700008392334,519.0999755859375,2578.889892578125
19.219999313354492,518.5499877929688,2575.85009765625
19.110000610351562,519.7899780273438,2601.840087890625
19.75,521.6300048828125,2632.110107421875
19.329999923706055,516.5499877929688,2604.590087890625
21.440000534057617,509.9700012207031,2556.570068359375
22.959999084472656,505.44000244140625,2546.139892578125
22.5,510.44000244140625,2564.419921875
21.979999542236328,509.0400085449219,2571.9599609375
16.059999465942383,511.260009765625,2590.89990234375
15.859999656677246,507.239990234375,2559.89990234375
15.130000114440918,510.510009765625,2583.179931640625
15.329999923706055,508.95001220703125,2574.5400390625
15.09000015258789,510.1700134277344,2556.14990234375
15.09000015258789,501.8800048828125,2512.18994140625
14.170000076293945,502.6700134277344,2519.580078125
15.020000457763672,505.3800048828125,2513.489990234375
16.600000381469727,502.70001220703125,2509.389892578125
15.4399995803833,503.7699890136719,2515.2099609375
16.190000534057617,501.94000244140625,2508.2900390625
17.100000381469727,500.3299865722656,2484.800048828125
16.670000076293945,503.9599914550781,2506.81005859375
15.229999542236328,509.6400146484375,2527.97998046875
14.949999809265137,507.6099853515625,2495.60009765625
14.279999732971191,505.6600036621094,2491.530029296875
14.0,506.9100036621094,2505.360107421875
14.079999923706055,509.69000244140625,2503.02001953125
13.380000114440918,514.25,2555.419921875
13.15999984741211,516.0499877929688,2585.77001953125
13.460000038146973,517.1900024414062,2593.800048828125
13.619999885559082,519.72998046875,2603.090087890625
13.359999656677246,521.6500244140625,2631.260009765625
14.300000190734863,520.530029296875,2612.85009765625
14.420000076293945,517.6900024414062,2589.179931640625
13.729999542236328,520.1599731445312,2594.64990234375
13.569999694824219,518.2100219726562,2570.669921875
14.369999885559082,516.2999877929688,2553.239990234375
14.979999542236328,514.260009765625,2534.77001953125
15.569999694824219,513.8599853515625,2536.419921875
21.610000610351562,511.1600036621094,2501.580078125
24.139999389648438,504.9700012207031,2462.81005859375
18.09000015258789,502.2099914550781,2467.469970703125
15.380000114440918,503.30999755859375,2476.409912109375
17.209999084472656,506.30999755859375,2479.860107421875
17.65999984741211,510.8699951171875,2510.739990234375
16.479999542236328,513.0800170898438,2545.199951171875
17.90999984741211,514.9600219726562,2537.340087890625
18.290000915527344,515.6500244140625,2549.22998046875
21.18000030517578,510.2900085449219,2517.669921875
18.790000915527344,509.9599914550781,2531.570068359375
19.079999923706055,508.75,2528.68994140625
15.869999885559082,516.72998046875,2588.9599609375
16.190000534057617,520.8900146484375,2595.510009765625
16.290000915527344,524.1699829101562,2618.679931640625
14.890000343322754,526.9500122070312,2646.179931640625
15.279999732971191,528.6199951171875,2655.93994140625
15.020000457763672,531.4400024414062,2686.31005859375
18.829999923706055,529.6099853515625,2638.0400390625
18.290000915527344,530.6599731445312,2659.14990234375
16.420000076293945,532.2999877929688,2640.2900390625
15.930000305175781,535.1799926757812,2657.300048828125
15.449999809265137,539.7899780273438,2674.300048828125
20.360000610351562,535.780029296875,2614.6201171875
18.780000686645508,535.3300170898438,2637.820068359375
17.540000915527344,535.7899780273438,2625.0400390625
15.880000114440918,539.7899780273438,2643.97998046875
15.380000114440918,544.3800048828125,2662.81005859375
16.579999923706055,543.3099975585938,2645.27001953125
16.1299991607666,545.3900146484375,2656.43994140625
15.90999984741211,547.4099731445312,2674.669921875
15.970000267028809,549.0700073242188,2697.889892578125
15.079999923706055,553.5999755859375,2724.159912109375
15.569999694824219,556.5700073242188,2747.18994140625
15.140000343322754,557.0,2756.139892578125
15.609999656677246,551.5900268554688,2713.010009765625
15.630000114440918,551.6599731445312,2727.68994140625
18.079999923706055,553.9500122070312,2730.0400390625
19.09000015258789,552.4299926757812,2697.429931640625
18.959999084472656,555.1500244140625,2741.02001953125
18.25,558.4099731445312,2749.510009765625
21.209999084472656,555.25,2722.68994140625
19.829999923706055,557.7000122070312,2728.159912109375
22.959999084472656,561.030029296875,2721.2900390625
23.030000686645508,551.510009765625,2695.590087890625
22.600000381469727,557.0399780273438,2742.280029296875
24.850000381469727,554.3300170898438,2711.860107421875
24.700000762939453,554.6500244140625,2734.02001953125
27.940000534057617,545.7000122070312,2719.449951171875
26.8799991607666,538.5499877929688,2668.14990234375
24.920000076293945,541.3900146484375,2645.010009765625
24.350000381469727,541.1300048828125,2650.18994140625
22.889999389648438,547.27001953125,2683.669921875
20.829999923706055,551.6900024414062,2694.81005859375
21.84000015258789,554.2999877929688,2674.35009765625
19.520000457763672,555.4500122070312,2678.919921875
20.020000457763672,551.3499755859375,2653.510009765625
19.1299991607666,551.1300048828125,2645.31005859375
17.579999923706055,549.8300170898438,2630.10009765625
17.229999542236328,552.760009765625,2645.340087890625
18.360000610351562,546.5,2582.169921875
19.079999923706055,545.4099731445312,2557.280029296875
24.110000610351562,540.22998046875,2518.5400390625
22.059999465942383,536.1799926757812,2505.840087890625
22.299999237060547,538.5,2492.239990234375
26.3799991607666,532.77001953125,2419.969970703125
30.1200008392334,519.8499755859375,2371.56005859375
60.130001068115234,493.2900085449219,2272.340087890625
44.040000915527344,477.2099914550781,2218.570068359375
50.97999954223633,480.70001220703125,2161.340087890625
34.439998626708984,472.5,2187.75
40.79999923706055,488.4200134277344,2286.7099609375
34.7599983215332,491.1199951171875,2318.2099609375
30.010000228881836,500.8999938964844,2343.72998046875
33.2400016784668,506.32000732421875,2371.0400390625
30.790000915527344,506.489990234375,2372.35009765625
32.61000061035156,504.9700012207031,2359.669921875
28.75,509.8299865722656,2389.550048828125
28.690000534057617,515.5399780273438,2382.1201171875
26.219999313354492,519.4199829101562,2415.489990234375
25.75,521.6099853515625,2431.080078125
24.760000228881836,523.4500122070312,2433.780029296875
24.350000381469727,525.6099853515625,2417.06005859375
23.6299991607666,530.510009765625,2456.449951171875
24.25,536.0399780273438,2460.93994140625
23.969999313354492,537.3499755859375,2463.25
24.559999465942383,535.3599853515625,2426.7099609375
22.84000015258789,533.8800048828125,2436.860107421875
22.399999618530273,535.9500122070312,2457.909912109375
19.84000015258789,538.3400268554688,2470.830078125
18.690000534057617,544.4199829101562,2523.800048828125
18.100000381469727,545.0999755859375,2527.2900390625
19.190000534057617,542.1300048828125,2509.010009765625
17.959999084472656,547.8900146484375,2547.429931640625
19.84000015258789,547.8900146484375,2538.14990234375
18.459999084472656,550.530029296875,2554.610107421875
18.770000457763672,553.77001953125,2550.929931640625
20.6200008392334,552.5599975585938,2531.639892578125
20.139999389648438,550.3599853515625,2508.3798828125
20.6299991607666,550.4500122070312,2510.320068359375
19.209999084472656,552.1900024414062,2515.22998046875
19.610000610351562,547.8099975585938,2498.10009765625
19.809999465942383,547.3499755859375,2484.3798828125
18.829999923706055,548.5399780273438,2487.760009765625
17.68000030517578,549.6300048828125,2498.18994140625
17.68000030517578,551.0999755859375,2514.75
17.5,553.0,2509.669921875
17.040000915527344,552.9099731445312,2509.64990234375
17.8700008392334,550.4299926757812,2482.6298828125
21.760000228881836,547.489990234375,2448.179931640625
19.780000686645508,544.9299926757812,2465.320068359375
20.530000686645508,544.760009765625,2468.969970703125
20.899999618530273,541.8400268554688,2462.9599609375
21.149999618530273,535.5700073242188,2439.340087890625
18.190000534057617,537.8599853515625,2470.929931640625
17.280000686645508,541.6599731445312,2462.280029296875
16.670000076293945,537.489990234375,2449.320068359375
16.309999465942383,539.510009765625,2473.1298828125
17.190000534057617,544.5499877929688,2517.159912109375
16.979999542236328,541.8400268554688,2494.699951171875
16.75,541.469970703125,2503.110107421875
16.649999618530273,542.2100219726562,2530.1298828125
17.829999923706055,541.02001953125,2513.1298828125
17.40999984741211,543.6400146484375,2515.489990234375
16.760000228881836,546.4500122070312,2527.3701171875
16.229999542236328,550.7899780273438,2545.9599609375
16.40999984741211,551.8699951171875,2570.840087890625
17.729999542236328,545.3400268554688,2529.530029296875
16.889999389648438,547.2000122070312,2534.2900390625
17.65999984741211,543.6099853515625,2519.830078125
17.15999984741211,544.510009765625,2534.2900390625
16.43000030517578,547.8900146484375,2573.469970703125
16.8700008392334,547.239990234375,2551.929931640625
16.75,545.780029296875,2547.3701171875
16.229999542236328,546.3699951171875,2564.820068359375
15.390000343322754,551.5999755859375,2612.89990234375
15.329999923706055,550.6799926757812,2595.3798828125
15.149999618530273,552.5599975585938,2640.139892578125
14.949999809265137,549.4199829101562,2594.360107421875
15.869999885559082,550.0800170898438,2596.070068359375
14.989999771118164,550.9199829101562,2612.580078125
19.559999465942383,536.4400024414062,2546.739990234375
17.209999084472656,541.75,2566.699951171875
17.219999313354492,542.2999877929688,2574.52001953125
16.40999984741211,540.530029296875,2571.550048828125
16.479999542236328,546.4600219726562,2599.530029296875
15.8100004196167,548.1900024414062,2609.679931640625
16.09000015258789,547.760009765625,2605.18994140625
14.619999885559082,548.6799926757812,2616.280029296875
14.65999984741211,551.1099853515625,2613.570068359375
14.430000305175781,554.47998046875,2650.419921875
15.729999542236328,554.0599975585938,2645.27001953125
15.229999542236328,554.3400268554688,2632.06005859375
15.949999809265137,557.3599853515625,2645.070068359375
15.720000267028809,559.1099853515625,2653.639892578125
16.809999465942383,558.75,2643.0
15.050000190734863,560.8300170898438,2680.8798828125
15.75,557.2899780273438,2656.639892578125
14.65999984741211,554.9000244140625,2661.219970703125
14.420000076293945,555.1199951171875,2653.610107421875
14.3100004196167,552.8099975585938,2633.169921875
16.649999618530273,551.2000122070312,2630.550048828125
17.399999618530273,544.5599975585938,2590.97998046875
16.219999313354492,546.8800048828125,2597.860107421875
15.229999542236328,550.9000244140625,2622.219970703125
15.579999923706055,550.260009765625,2637.81005859375
15.020000457763672,552.5499877929688,2638.919921875
14.979999542236328,553.8300170898438,2647.68994140625
15.1899995803833,552.6199951171875,2632.75
14.619999885559082,555.3900146484375,2639.780029296875
15.140000343322754,555.97998046875,2643.239990234375
15.600000381469727,557.1699829101562,2641.159912109375
16.420000076293945,551.489990234375,2620.830078125
14.930000305175781,551.7000122070312,2628.820068359375
15.760000228881836,555.030029296875,2637.699951171875
16.139999389648438,554.3900146484375,2648.530029296875
16.100000381469727,553.7999877929688,2653.25
16.56999969482422,554.8499755859375,2664.090087890625
16.549999237060547,553.5999755859375,2644.320068359375
16.889999389648438,550.6300048828125,2633.679931640625
15.84000015258789,555.6900024414062,2655.469970703125
16.489999771118164,555.3200073242188,2649.199951171875
17.280000686645508,557.6500244140625,2658.9599609375
16.1200008392334,566.8300170898438,2696.780029296875
16.350000381469727,568.6300048828125,2718.4599609375
16.739999771118164,570.8699951171875,2726.64990234375
16.579999923706055,570.3499755859375,2738.360107421875
17.170000076293945,569.239990234375,2727.10009765625
16.309999465942383,573.1300048828125,2740.22998046875
16.360000610351562,570.8800048828125,2730.89990234375
19.450000762939453,564.8099975585938,2718.7099609375
21.459999084472656,564.8300170898438,2686.929931640625
20.020000457763672,566.3200073242188,2745.090087890625
20.489999771118164,567.9299926757812,2741.050048828125
28.40999984741211,568.8499755859375,2716.2099609375
20.530000686645508,568.3200073242188,2716.97998046875
18.649999618530273,572.6599731445312,2743.639892578125
17.84000015258789,572.4600219726562,2749.68994140625
18.360000610351562,572.8800048828125,2757.2099609375
17.020000457763672,575.5499877929688,2768.580078125
15.729999542236328,576.9000244140625,2795.2099609375
15.949999809265137,576.3099975585938,2789.050048828125
16.34000015258789,575.4400024414062,2784.7900390625
16.260000228881836,574.9000244140625,2779.389892578125
16.43000030517578,574.489990234375,2779.7900390625
18.059999465942383,571.9500122070312,2758.080078125
19.729999542236328,569.7100219726562,2730.02001953125
19.3700008392334,567.8300170898438,2726.60009765625
18.360000610351562,571.8599853515625,2747.760009765625
19.520000457763672,568.530029296875,2754.360107421875
18.579999923706055,568.239990234375,2758.110107421875
17.899999618530273,573.8599853515625,2768.419921875
17.209999084472656,580.8800048828125,2798.52001953125
17.610000610351562,584.4400024414062,2809.699951171875
21.329999923706055,578.739990234375,2761.85009765625
19.579999923706055,574.9400024414062,2754.9599609375
23.540000915527344,568.4000244140625,2702.75
24.520000457763672,561.9500122070312,2674.9599609375
20.780000686645508,564.3400268554688,2715.760009765625
25.969999313354492,560.4199829101562,2661.5
22.690000534057617,563.2000122070312,2718.219970703125
20.549999237060547,563.4600219726562,2729.56005859375
18.25,569.260009765625,2775.10009765625
17.40999984741211,574.97998046875,2792.139892578125
18.049999237060547,575.260009765625,2776.889892578125
17.280000686645508,575.010009765625,2784.239990234375
16.43000030517578,576.010009765625,2788.360107421875
16.229999542236328,577.6500244140625,2801.090087890625
15.579999923706055,579.4099731445312,2826.27001953125
16.149999618530273,578.0399780273438,2827.18994140625
16.65999984741211,578.780029296875,2827.580078125
16.940000534057617,577.3599853515625,2802.780029296875
16.84000015258789,578.0399780273438,2809.840087890625
14.989999771118164,582.0,2839.360107421875
16.510000228881836,578.9500122070312,2830.030029296875
17.280000686645508,582.280029296875,2824.219970703125
16.450000762939453,580.9199829101562,2821.080078125
17.610000610351562,579.6599731445312,2792.679931640625
16.309999465942383,584.989990234375,2828.639892578125
15.15999984741211,587.469970703125,2842.360107421875
14.09000015258789,587.3400268554688,2845.909912109375
14.6899995803833,588.8599853515625,2857.93994140625
14.430000305175781,588.8300170898438,2858.659912109375
