Date,Cash,^VIX_Shares,^VIX_Value,^STOXX_Shares,^STOXX_Value,^OMX_Shares,^OMX_Value,CL=F_Shares,CL=F_Value,GC=F_Shares,GC=F_Value,SI=F_Shares,SI=F_Value,EURUSD=X_Shares,EURUSD=X_Value,GBP=X_Shares,GBP=X_Value,JPY=X_Shares,JPY=X_Value,EURJPY=X_Shares,EURJPY=X_Value,^TNX_Shares,^TNX_Value,JPM_Shares,JPM_Value,BAC_Shares,BAC_Value,XOM_Shares,XOM_Value,CVX_Shares,CVX_Value,NKE_Shares,NKE_Value,ADDYY_Shares,ADDYY_Value,INTC_Shares,INTC_Value,AMD_Shares,AMD_Value,Total_Value
2010-01-04,100000.0,0,0.0,0,0.0,0,0.0,0,0.0,0,0.0,0,0.0,0,0.0,0,0.0,0,0.0,0,0.0,0,0.0,0,0.0,0,0.0,0,0.0,0,0.0,0,0.0,0,0.0,0,0.0,0,0.0,100000.0
2010-01-05,100000.0,0,0.0,0,0.0,0,0.0,0,0.0,0,0.0,0,0.0,0,0.0,0,0.0,0,0.0,0,0.0,0,0.0,0,0.0,0,0.0,0,0.0,0,0.0,0,0.0,0,0.0,0,0.0,0,0.0,100000.0
2010-01-07,100000.0,0,0.0,0,0.0,0,0.0,0,0.0,0,0.0,0,0.0,0,0.0,0,0.0,0,0.0,0,0.0,0,0.0,0,0.0,0,0.0,0,0.0,0,0.0,0,0.0,0,0.0,0,0.0,0,0.0,100000.0
2010-01-08,100000.0,0,0.0,0,0.0,0,0.0,0,0.0,0,0.0,0,0.0,0,0.0,0,0.0,0,0.0,0,0.0,0,0.0,0,0.0,0,0.0,0,0.0,0,0.0,0,0.0,0,0.0,0,0.0,0,0.0,100000.0
2010-01-11,100000.0,0,0.0,0,0.0,0,0.0,0,0.0,0,0.0,0,0.0,0,0.0,0,0.0,0,0.0,0,0.0,0,0.0,0,0.0,0,0.0,0,0.0,0,0.0,0,0.0,0,0.0,0,0.0,0,0.0,100000.0
2010-01-12,100000.0,0,0.0,0,0.0,0,0.0,0,0.0,0,0.0,0,0.0,0,0.0,0,0.0,0,0.0,0,0.0,0,0.0,0,0.0,0,0.0,0,0.0,0,0.0,0,0.0,0,0.0,0,0.0,0,0.0,100000.0
2010-01-13,100000.0,0,0.0,0,0.0,0,0.0,0,0.0,0,0.0,0,0.0,0,0.0,0,0.0,0,0.0,0,0.0,0,0.0,0,0.0,0,0.0,0,0.0,0,0.0,0,0.0,0,0.0,0,0.0,0,0.0,100000.0
2010-01-14,100000.0,0,0.0,0,0.0,0,0.0,0,0.0,0,0.0,0,0.0,0,0.0,0,0.0,0,0.0,0,0.0,0,0.0,0,0.0,0,0.0,0,0.0,0,0.0,0,0.0,0,0.0,0,0.0,0,0.0,100000.0
2010-01-15,100000.0,0,0.0,0,0.0,0,0.0,0,0.0,0,0.0,0,0.0,0,0.0,0,0.0,0,0.0,0,0.0,0,0.0,0,0.0,0,0.0,0,0.0,0,0.0,0,0.0,0,0.0,0,0.0,0,0.0,100000.0
2010-01-19,100000.0,0,0.0,0,0.0,0,0.0,0,0.0,0,0.0,0,0.0,0,0.0,0,0.0,0,0.0,0,0.0,0,0.0,0,0.0,0,0.0,0,0.0,0,0.0,0,0.0,0,0.0,0,0.0,0,0.0,100000.0
2010-01-20,100000.0,0,0.0,0,0.0,0,0.0,0,0.0,0,0.0,0,0.0,0,0.0,0,0.0,0,0.0,0,0.0,0,0.0,0,0.0,0,0.0,0,0.0,0,0.0,0,0.0,0,0.0,0,0.0,0,0.0,100000.0
2010-01-21,100000.0,0,0.0,0,0.0,0,0.0,0,0.0,0,0.0,0,0.0,0,0.0,0,0.0,0,0.0,0,0.0,0,0.0,0,0.0,0,0.0,0,0.0,0,0.0,0,0.0,0,0.0,0,0.0,0,0.0,100000.0
2010-01-22,100000.0,0,0.0,0,0.0,0,0.0,0,0.0,0,0.0,0,0.0,0,0.0,0,0.0,0,0.0,0,0.0,0,0.0,0,0.0,0,0.0,0,0.0,0,0.0,0,0.0,0,0.0,0,0.0,0,0.0,100000.0
2010-01-25,100000.0,0,0.0,0,0.0,0,0.0,0,0.0,0,0.0,0,0.0,0,0.0,0,0.0,0,0.0,0,0.0,0,0.0,0,0.0,0,0.0,0,0.0,0,0.0,0,0.0,0,0.0,0,0.0,0,0.0,100000.0
2010-01-26,100000.0,0,0.0,0,0.0,0,0.0,0,0.0,0,0.0,0,0.0,0,0.0,0,0.0,0,0.0,0,0.0,0,0.0,0,0.0,0,0.0,0,0.0,0,0.0,0,0.0,0,0.0,0,0.0,0,0.0,100000.0
2010-01-27,100000.0,0,0.0,0,0.0,0,0.0,0,0.0,0,0.0,0,0.0,0,0.0,0,0.0,0,0.0,0,0.0,0,0.0,0,0.0,0,0.0,0,0.0,0,0.0,0,0.0,0,0.0,0,0.0,0,0.0,100000.0
2010-01-28,100000.0,0,0.0,0,0.0,0,0.0,0,0.0,0,0.0,0,0.0,0,0.0,0,0.0,0,0.0,0,0.0,0,0.0,0,0.0,0,0.0,0,0.0,0,0.0,0,0.0,0,0.0,0,0.0,0,0.0,100000.0
2010-01-29,100000.0,0,0.0,0,0.0,0,0.0,0,0.0,0,0.0,0,0.0,0,0.0,0,0.0,0,0.0,0,0.0,0,0.0,0,0.0,0,0.0,0,0.0,0,0.0,0,0.0,0,0.0,0,0.0,0,0.0,100000.0
2010-02-01,100000.0,0,0.0,0,0.0,0,0.0,0,0.0,0,0.0,0,0.0,0,0.0,0,0.0,0,0.0,0,0.0,0,0.0,0,0.0,0,0.0,0,0.0,0,0.0,0,0.0,0,0.0,0,0.0,0,0.0,100000.0
2010-02-02,100000.0,0,0.0,0,0.0,0,0.0,0,0.0,0,0.0,0,0.0,0,0.0,0,0.0,0,0.0,0,0.0,0,0.0,0,0.0,0,0.0,0,0.0,0,0.0,0,0.0,0,0.0,0,0.0,0,0.0,100000.0
2010-02-03,99614.14165496826,0,0.0,0,0.0,0,0.0,0,0.0,0,0.0,0,0.0,0,0.0,0,0.0,0,0.0,0,0.0,0,0.0,0,0.0,0,0.0,0,0.0,10,385.8583450317383,0,0.0,0,0.0,0,0.0,0,0.0,100000.0
2010-02-04,99614.14165496826,0,0.0,0,0.0,0,0.0,0,0.0,0,0.0,0,0.0,0,0.0,0,0.0,0,0.0,0,0.0,0,0.0,0,0.0,0,0.0,0,0.0,10,376.16058349609375,0,0.0,0,0.0,0,0.0,0,0.0,99990.30223846436
2010-02-05,99594.0750771761,0,0.0,0,0.0,0,0.0,0,0.0,0,0.0,0,0.0,10,13.68007779121399,10,6.386500000953674,0,0.0,0,0.0,0,0.0,0,0.0,0,0.0,0,0.0,10,375.15926361083984,0,0.0,0,0.0,0,0.0,0,0.0,99989.3009185791
2010-02-08,99204.37528908253,0,0.0,0,0.0,0,0.0,0,0.0,0,0.0,0,0.0,20,27.309346199035645,20,12.84019947052002,0,0.0,0,0.0,0,0.0,0,0.0,0,0.0,0,0.0,20,739.2500305175781,0,0.0,0,0.0,0,0.0,0,0.0,99983.77486526966
2010-02-09,99204.37528908253,0,0.0,0,0.0,0,0.0,0,0.0,0,0.0,0,0.0,20,27.56415605545044,20,12.743799686431885,0,0.0,0,0.0,0,0.0,0,0.0,0,0.0,0,0.0,20,751.6884613037109,0,0.0,0,0.0,0,0.0,0,0.0,99996.37170612812
2010-02-10,99204.37528908253,0,0.0,0,0.0,0,0.0,0,0.0,0,0.0,0,0.0,20,27.506532669067383,20,12.81059980392456,0,0.0,0,0.0,0,0.0,0,0.0,0,0.0,0,0.0,20,745.7855224609375,0,0.0,0,0.0,0,0.0,0,0.0,99990.47794401646
2010-02-11,99204.37528908253,0,0.0,0,0.0,0,0.0,0,0.0,0,0.0,0,0.0,20,27.363524436950684,20,12.737200260162354,0,0.0,0,0.0,0,0.0,0,0.0,0,0.0,0,0.0,20,756.1162567138672,0,0.0,0,0.0,0,0.0,0,0.0,100000.59227049351
2010-02-12,99204.37528908253,0,0.0,0,0.0,0,0.0,0,0.0,0,0.0,0,0.0,20,27.26987600326538,20,12.740399837493896,0,0.0,0,0.0,0,0.0,0,0.0,0,0.0,0,0.0,20,755.6903076171875,0,0.0,0,0.0,0,0.0,0,0.0,100000.07587254047
2010-02-16,99204.37528908253,0,0.0,0,0.0,0,0.0,0,0.0,0,0.0,0,0.0,20,27.53417730331421,20,12.666200399398804,0,0.0,0,0.0,0,0.0,0,0.0,0,0.0,0,0.0,20,776.7615509033203,0,0.0,0,0.0,0,0.0,0,0.0,100021.33721768856
2010-02-17,99204.37528908253,0,0.0,0,0.0,0,0.0,0,0.0,0,0.0,0,0.0,20,27.21384525299072,20,12.75339961051941,0,0.0,0,0.0,0,0.0,0,0.0,0,0.0,0,0.0,20,775.1650238037109,0,0.0,0,0.0,0,0.0,0,0.0,100019.50755774975
2010-02-18,99204.37528908253,0,0.0,0,0.0,0,0.0,0,0.0,0,0.0,0,0.0,20,26.922972202301025,20,12.967599630355835,0,0.0,0,0.0,0,0.0,0,0.0,0,0.0,0,0.0,20,783.4660339355469,0,0.0,0,0.0,0,0.0,0,0.0,100027.73189485073
2010-02-19,99204.37528908253,0,0.0,0,0.0,0,0.0,0,0.0,0,0.0,0,0.0,20,27.230148315429688,20,12.933199405670166,0,0.0,0,0.0,0,0.0,0,0.0,0,0.0,0,0.0,20,788.0419921875,0,0.0,0,0.0,0,0.0,0,0.0,100032.58062899113
2010-02-22,99224.4381159544,0,0.0,0,0.0,0,0.0,0,0.0,0,0.0,0,0.0,10,13.605626821517944,10,6.457200050354004,0,0.0,0,0.0,0,0.0,0,0.0,0,0.0,0,0.0,20,776.4419555664062,0,0.0,0,0.0,0,0.0,0,0.0,100020.94289839268
2010-02-23,99224.4381159544,0,0.0,0,0.0,0,0.0,0,0.0,0,0.0,0,0.0,10,13.527040481567385,10,6.474199891090393,0,0.0,0,0.0,0,0.0,0,0.0,0,0.0,0,0.0,20,766.6513061523438,0,0.0,0,0.0,0,0.0,0,0.0,100011.0906624794
2010-02-24,99224.4381159544,0,0.0,0,0.0,0,0.0,0,0.0,0,0.0,0,0.0,10,13.54316234588623,10,6.486300230026245,0,0.0,0,0.0,0,0.0,0,0.0,0,0.0,0,0.0,20,769.8440551757812,0,0.0,0,0.0,0,0.0,0,0.0,100014.3116337061
2010-02-25,99024.05046641827,0,0.0,0,0.0,0,0.0,0,0.0,0,0.0,0,0.0,10,13.536012172698976,10,6.56000018119812,0,0.0,0,0.0,0,0.0,0,0.0,0,0.0,0,0.0,20,767.3964691162109,0,0.0,10,200.3876495361328,0,0.0,0,0.0,100011.9305974245
2010-02-26,99024.05046641827,0,0.0,0,0.0,0,0.0,0,0.0,0,0.0,0,0.0,10,13.631035089492798,10,6.562100052833557,0,0.0,0,0.0,0,0.0,0,0.0,0,0.0,0,0.0,20,769.4184875488281,0,0.0,10,205.2510643005371,0,0.0,0,0.0,100018.91315340996
2010-03-01,99024.05046641827,0,0.0,0,0.0,0,0.0,0,0.0,0,0.0,0,0.0,10,13.56208086013794,10,6.676099896430969,0,0.0,0,0.0,0,0.0,0,0.0,0,0.0,0,0.0,20,774.8458862304688,0,0.0,10,213.16434860229492,0,0.0,0,0.0,100032.2988820076
2010-03-02,99024.05046641827,0,0.0,0,0.0,0,0.0,0,0.0,0,0.0,0,0.0,10,13.620638847351074,10,6.654199957847595,0,0.0,0,0.0,0,0.0,0,0.0,0,0.0,0,0.0,20,780.2733612060547,0,0.0,10,212.50490188598633,0,0.0,0,0.0,100037.1035683155
2010-03-03,99024.05046641827,0,0.0,0,0.0,0,0.0,0,0.0,0,0.0,0,0.0,10,13.701633214950562,10,6.6211998462677,0,0.0,0,0.0,0,0.0,0,0.0,0,0.0,0,0.0,20,778.2512664794922,0,0.0,10,205.08615493774417,0,0.0,0,0.0,100027.71072089672
2010-03-04,98890.05908191204,0,0.0,0,0.0,0,0.0,0,0.0,0,0.0,0,0.0,10,13.584003448486328,10,6.650699973106384,0,0.0,0,0.0,0,0.0,0,0.0,0,0.0,0,0.0,20,777.7192687988281,0,0.0,10,205.2510643005371,10,133.99138450622561,0,0.0,100027.25550293922
2010-03-05,98760.45492351055,0,0.0,0,0.0,0,0.0,0,0.0,0,0.0,0,0.0,10,13.628991842269896,10,6.608099937438965,0,0.0,0,0.0,0,0.0,0,0.0,10,129.60415840148926,0,0.0,20,790.7022857666016,0,0.0,10,207.6415252685547,10,135.68827629089355,0,0.0,100044.3282610178
2010-03-08,98760.45492351055,0,0.0,0,0.0,0,0.0,0,0.0,0,0.0,0,0.0,10,13.616927862167358,10,6.648100018501282,0,0.0,0,0.0,0,0.0,0,0.0,10,129.91459846496582,0,0.0,20,794.3206024169922,0,0.0,10,206.7347526550293,10,135.55781364440918,0,0.0,100047.24771857262
2010-03-09,98760.45492351055,0,0.0,0,0.0,0,0.0,0,0.0,0,0.0,0,0.0,10,13.60692262649536,10,6.6593998670578,0,0.0,0,0.0,0,0.0,0,0.0,10,130.38025856018066,0,0.0,20,790.7022857666016,0,0.0,10,205.99288940429688,10,136.66731834411618,0,0.0,100044.4639980793
2010-03-10,98760.45492351055,0,0.0,0,0.0,0,0.0,0,0.0,0,0.0,0,0.0,10,13.643310070037842,10,6.679999828338623,0,0.0,0,0.0,0,0.0,0,0.0,10,132.78611183166504,0,0.0,20,787.0843505859375,0,0.0,10,208.5482406616211,10,138.29898834228516,0,0.0,100047.49592483044
2010-03-11,98760.45492351055,0,0.0,0,0.0,0,0.0,0,0.0,0,0.0,0,0.0,10,13.685319423675537,10,6.634799838066101,0,0.0,0,0.0,0,0.0,0,0.0,10,132.86368370056152,0,0.0,20,787.4031829833984,0,0.0,10,213.82379531860352,10,138.69059562683103,0,0.0,100053.55630040169
2010-03-12,98760.45492351055,0,0.0,0,0.0,0,0.0,0,0.0,0,0.0,0,0.0,10,13.76993179321289,10,6.571999788284302,0,0.0,0,0.0,0,0.0,0,0.0,10,130.7683277130127,0,0.0,20,784.5303344726562,0,0.0,10,217.36825942993164,10,138.82110595703122,0,0.0,100052.28488266468
2010-03-15,98760.45492351055,0,0.0,0,0.0,0,0.0,0,0.0,0,0.0,0,0.0,10,13.677457571029663,10,6.6426002979278564,0,0.0,0,0.0,0,0.0,0,0.0,10,130.7683277130127,0,0.0,20,782.9337310791016,0,0.0,10,213.6589241027832,10,138.16838264465332,0,0.0,100046.30434691906
2010-03-16,98760.45492351055,0,0.0,0,0.0,0,0.0,0,0.0,0,0.0,0,0.0,10,13.768794536590576,10,6.5630000829696655,0,0.0,0,0.0,0,0.0,0,0.0,10,132.16526985168454,0,0.0,20,787.2969818115234,0,0.0,10,214.3183708190918,10,143.65076065063477,0,0.0,100058.21810126305
2010-03-17,98760.45492351055,0,0.0,0,0.0,0,0.0,0,0.0,0,0.0,0,0.0,10,13.738338947296144,10,6.528300046920776,0,0.0,0,0.0,0,0.0,0,0.0,10,134.02779579162598,0,0.0,20,794.639892578125,0,0.0,10,212.09272384643555,10,145.1518726348877,0,0.0,100066.63384735584
2010-03-18,98760.45492351055,0,0.0,0,0.0,0,0.0,0,0.0,0,0.0,0,0.0,10,13.61396312713623,10,6.555799841880798,0,0.0,0,0.0,0,0.0,0,0.0,10,132.55329132080078,0,0.0,20,795.5977630615234,0,0.0,10,217.45067596435547,10,144.89081382751465,0,0.0,100071.11723065376
2010-03-19,98760.45492351055,0,0.0,0,0.0,0,0.0,0,0.0,0,0.0,0,0.0,10,13.53692889213562,10,6.658700108528137,0,0.0,0,0.0,0,0.0,0,0.0,10,130.53548812866214,0,0.0,20,797.9393768310547,0,0.0,10,218.1101417541504,10,143.52031707763672,0,0.0,100070.75587630272
2010-03-22,98760.45492351055,0,0.0,0,0.0,0,0.0,0,0.0,0,0.0,0,0.0,10,13.56704831123352,10,6.6189998388290405,0,0.0,0,0.0,0,0.0,0,0.0,10,131.62199974060061,0,0.0,20,792.4053955078125,0,0.0,10,217.9452896118164,10,145.1518726348877,0,0.0,100067.76552915573
2010-03-23,98627.5136488676,0,0.0,0,0.0,0,0.0,0,0.0,0,0.0,0,0.0,10,13.468012809753418,10,6.657199859619141,0,0.0,0,0.0,0,0.0,0,0.0,20,265.8825492858887,0,0.0,20,795.7044219970704,0,0.0,10,219.34656143188477,10,147.95836448669434,0,0.0,100076.53075873852
2010-03-24,98627.5136488676,0,0.0,0,0.0,0,0.0,0,0.0,0,0.0,0,0.0,10,13.331022262573242,10,6.711900234222412,0,0.0,0,0.0,0,0.0,0,0.0,20,272.7122116088867,0,0.0,20,786.7650604248047,0,0.0,10,215.5548095703125,10,146.39200210571286,0,0.0,100068.98065507412
2010-03-25,98647.55702316761,0,0.0,0,0.0,0,0.0,0,0.0,0,0.0,0,0.0,0,0.0,0,0.0,0,0.0,0,0.0,0,0.0,0,0.0,20,275.3506660461425,0,0.0,20,785.3813934326172,0,0.0,10,219.26420211791992,10,145.86984634399414,0,0.0,100073.42313110828
2010-03-26,98647.55702316761,0,0.0,0,0.0,0,0.0,0,0.0,0,0.0,0,0.0,0,0.0,0,0.0,0,0.0,0,0.0,0,0.0,0,0.0,20,277.83414840698237,0,0.0,20,792.0861053466797,0,0.0,10,222.7262306213379,10,145.1518726348877,0,0.0,100085.3553801775
2010-03-29,98647.55702316761,0,0.0,0,0.0,0,0.0,0,0.0,0,0.0,0,0.0,0,0.0,0,0.0,0,0.0,0,0.0,0,0.0,0,0.0,20,280.0071334838867,0,0.0,20,800.5999755859375,0,0.0,10,224.9518585205078,10,145.7392692565918,0,0.0,100098.85526001453
2010-03-30,98647.55702316761,0,0.0,0,0.0,0,0.0,0,0.0,0,0.0,0,0.0,0,0.0,0,0.0,0,0.0,0,0.0,0,0.0,0,0.0,20,275.6611251831054,0,0.0,20,801.344451904297,0,0.0,10,223.0559539794922,10,145.8045482635498,0,0.0,100093.42310249805
2010-03-31,98681.72534286976,0,0.0,0,0.0,0,0.0,0,0.0,0,0.0,0,0.0,0,0.0,0,0.0,0,0.0,0,0.0,0,0.0,0,0.0,20,277.0580863952637,10,369.3240737915039,10,403.49239349365234,0,0.0,10,220.08846282958984,10,145.4782199859619,0,0.0,100097.16657936573
2010-04-01,98716.99603378773,0,0.0,0,0.0,0,0.0,0,0.0,0,0.0,0,0.0,0,0.0,0,0.0,0,0.0,0,0.0,0,0.0,0,0.0,20,280.0071334838867,20,745.5954742431641,0,0.0,0,0.0,10,224.20995712280273,10,146.13090515136722,0,0.0,100112.93950378895
2010-04-06,98342.5991755724,0,0.0,0,0.0,0,0.0,0,0.0,0,0.0,0,0.0,0,0.0,0,0.0,0,0.0,0,0.0,0,0.0,0,0.0,20,286.99176788330084,30,1123.190574645996,0,0.0,0,0.0,10,223.46811294555664,10,146.19611740112305,0,0.0,100122.44574844837
2010-04-07,97971.2901622057,0,0.0,0,0.0,0,0.0,0,0.0,0,0.0,0,0.0,0,0.0,0,0.0,0,0.0,0,0.0,0,0.0,0,0.0,20,289.00964736938477,40,1485.2360534667969,0,0.0,0,0.0,10,221.5721893310547,10,146.52247428894046,0,0.0,100113.63052666187
2010-04-08,97971.2901622057,0,0.0,0,0.0,0,0.0,0,0.0,0,0.0,0,0.0,0,0.0,0,0.0,0,0.0,0,0.0,0,0.0,0,0.0,20,289.47519302368164,40,1496.7050170898438,0,0.0,0,0.0,10,222.5613784790039,10,145.60874938964844,0,0.0,100125.64050018787
2010-04-09,97592.15133011341,0,0.0,0,0.0,0,0.0,0,0.0,0,0.0,0,0.0,0,0.0,0,0.0,0,0.0,0,0.0,0,0.0,0,0.0,20,288.543930053711,50,1895.6941604614253,0,0.0,0,0.0,10,228.82604598999023,10,147.17514038085938,0,0.0,100152.3906069994
2010-04-12,97213.28822433949,0,0.0,0,0.0,0,0.0,0,0.0,0,0.0,0,0.0,0,0.0,0,0.0,0,0.0,0,0.0,0,0.0,0,0.0,20,289.6304130554199,60,2273.1786346435547,0,0.0,0,0.0,10,230.22735595703125,10,147.10989952087402,0,0.0,100153.43452751637
2010-04-13,97292.25006401539,0,0.0,0,0.0,0,0.0,0,0.0,0,0.0,0,0.0,0,0.0,0,0.0,0,0.0,0,0.0,0,0.0,0,0.0,20,289.7856712341309,60,2271.525650024414,0,0.0,10,153.90328407287598,0,0.0,10,148.61102104187012,0,0.0,100156.07569038868
2010-04-14,96987.19758331776,0,0.0,0,0.0,0,0.0,0,0.0,0,0.0,0,0.0,0,0.0,0,0.0,0,0.0,0,0.0,0,0.0,0,0.0,30,451.6744136810303,60,2269.870376586914,0,0.0,20,308.98868560791016,0,0.0,10,153.50594520568848,0,0.0,100171.2370043993
2010-04-15,96459.63678658009,0,0.0,0,0.0,0,0.0,0,0.0,0,0.0,0,0.0,0,0.0,0,0.0,0,0.0,0,0.0,0,0.0,0,0.0,40,604.7159957885742,70,2634.6725845336914,0,0.0,20,308.3364486694336,0,0.0,10,158.07456970214844,0,0.0,100165.43638527393
2010-04-16,96517.65341103077,0,0.0,0,0.0,0,0.0,0,0.0,0,0.0,0,0.0,0,0.0,0,0.0,0,0.0,0,0.0,0,0.0,0,0.0,40,571.5001678466797,70,2621.9353103637695,0,0.0,20,306.42057418823237,0,0.0,0,0.0,10,98.10000419616699,100115.60946762562
2010-04-19,96421.85341179371,0,0.0,0,0.0,0,0.0,0,0.0,0,0.0,0,0.0,0,0.0,0,0.0,0,0.0,0,0.0,0,0.0,0,0.0,40,570.8792114257812,70,2633.5158157348633,0,0.0,20,308.091812133789,0,0.0,0,0.0,20,191.59999847412112,100125.94024956226
2010-04-20,96421.85341179371,0,0.0,0,0.0,0,0.0,0,0.0,0,0.0,0,0.0,0,0.0,0,0.0,0,0.0,0,0.0,0,0.0,0,0.0,40,577.7087783813477,70,2662.0780181884766,0,0.0,20,311.2715148925781,0,0.0,0,0.0,20,195.40000915527344,100168.31173241138
2010-04-21,96421.85341179371,0,0.0,0,0.0,0,0.0,0,0.0,0,0.0,0,0.0,0,0.0,0,0.0,0,0.0,0,0.0,0,0.0,0,0.0,40,567.4647521972656,70,2660.147132873535,0,0.0,20,312.7390480041504,0,0.0,0,0.0,20,195.59999465942383,100157.80433952808
2010-04-22,96268.62910568714,0,0.0,0,0.0,0,0.0,0,0.0,0,0.0,0,0.0,0,0.0,0,0.0,0,0.0,0,0.0,0,0.0,10,297.1082305908203,30,431.65177345275873,70,2646.2538909912114,0,0.0,20,318.89413833618164,0,0.0,0,0.0,20,197.19999313354492,100159.73713219166
2010-04-23,96109.8545485735,0,0.0,0,0.0,0,0.0,0,0.0,0,0.0,0,0.0,0,0.0,0,0.0,0,0.0,0,0.0,0,0.0,10,298.43643188476557,30,429.09084320068354,70,2672.4988174438477,0,0.0,30,476.3236713409424,0,0.0,0,0.0,20,195.20000457763672,100181.40431702137
2010-04-26,95799.45295631886,0,0.0,0,0.0,0,0.0,0,0.0,0,0.0,0,0.0,0,0.0,0,0.0,0,0.0,0,0.0,0,0.0,20,582.92724609375,20,280.1623344421387,70,2674.4283676147465,0,0.0,40,636.076545715332,0,0.0,0,0.0,20,199.40000534057617,100172.4474555254
2010-04-27,95653.39766800404,0,0.0,0,0.0,0,0.0,0,0.0,0,0.0,0,0.0,0,0.0,0,0.0,0,0.0,0,0.0,0,0.0,30,844.9056816101073,10,135.5799388885498,70,2635.0595092773438,0,0.0,40,625.640983581543,0,0.0,0,0.0,20,191.59999847412112,100086.1837798357
2010-04-28,95653.39766800404,0,0.0,0,0.0,0,0.0,0,0.0,0,0.0,0,0.0,0,0.0,0,0.0,0,0.0,0,0.0,0,0.0,30,865.8241653442383,10,137.9858684539795,70,2670.5684661865234,0,0.0,40,623.1951141357423,0,0.0,0,0.0,20,191.00000381469727,100141.97128593922
2010-04-29,95653.39766800404,0,0.0,0,0.0,0,0.0,0,0.0,0,0.0,0,0.0,0,0.0,0,0.0,0,0.0,0,0.0,0,0.0,30,876.5824127197266,10,142.02132225036618,70,2650.1132583618164,0,0.0,40,632.408103942871,0,0.0,0,0.0,20,194.40000534057617,100148.92277061939
2010-04-30,95509.00712311268,0,0.0,0,0.0,0,0.0,0,0.0,0,0.0,0,0.0,0,0.0,0,0.0,0,0.0,0,0.0,0,0.0,40,1131.057357788086,0,0.0,70,2615.7605361938477,0,0.0,40,618.8743591308594,0,0.0,0,0.0,20,181.3999938964844,100056.09937012196
2010-05-03,95509.00712311268,0,0.0,0,0.0,0,0.0,0,0.0,0,0.0,0,0.0,0,0.0,0,0.0,0,0.0,0,0.0,0,0.0,40,1156.2914276123047,0,0.0,70,2618.461265563965,0,0.0,40,634.0382766723633,0,0.0,0,0.0,20,185.79999923706055,100103.59809219837
2010-05-04,95489.43287611008,0,0.0,0,0.0,0,0.0,0,0.0,0,0.0,0,0.0,10,12.963947057723999,10,6.6102999448776245,0,0.0,0,0.0,0,0.0,40,1128.1351470947266,0,0.0,70,2565.5834197998047,0,0.0,40,630.6143188476562,0,0.0,0,0.0,20,173.60000610351562,100006.94001495838
2010-05-05,95402.07445561886,0,0.0,0,0.0,0,0.0,0,0.0,0,0.0,0,0.0,20,25.629854202270508,20,13.24679970741272,0,0.0,0,0.0,0,0.0,40,1132.3846435546875,0,0.0,70,2554.0039825439453,0,0.0,30,459.8756790161133,10,221.21198654174805,0,0.0,20,171.5999984741211,99980.02739965916
2010-05-06,95382.7137941122,0,0.0,0,0.0,0,0.0,0,0.0,0,0.0,0,0.0,30,37.89888381958008,30,20.183100700378418,0,0.0,0,0.0,0,0.0,40,1084.0402221679688,0,0.0,70,2466.001434326172,0,0.0,30,442.0820903778076,10,217.72180557250977,0,0.0,20,165.40000915527344,99816.0413402319
2010-05-07,95363.1932157278,0,0.0,0,0.0,0,0.0,0,0.0,0,0.0,0,0.0,40,51.02431297302246,40,27.058000564575195,0,0.0,0,0.0,0,0.0,40,1082.7117156982422,0,0.0,70,2458.6688232421875,0,0.0,30,431.74859046936035,10,211.9048118591309,0,0.0,20,167.60000228881836,99793.90947282314
2010-05-10,95343.68538916111,0,0.0,0,0.0,0,0.0,0,0.0,0,0.0,0,0.0,50,63.89613151550293,50,33.643001317977905,0,0.0,0,0.0,0,0.0,40,1114.322280883789,0,0.0,70,2517.7227783203125,0,0.0,30,468.68056297302246,10,221.46135330200195,0,0.0,20,179.79999542236328,99943.21149289608
2010-05-11,95324.35345828533,0,0.0,0,0.0,0,0.0,0,0.0,0,0.0,0,0.0,60,75.77958583831789,60,40.21199941635132,0,0.0,0,0.0,0,0.0,40,1103.6970520019531,0,0.0,70,2504.8989868164062,0,0.0,30,467.3352527618408,10,226.44737243652344,0,0.0,20,181.3999938964844,99924.12370145321
2010-05-12,95304.97452914715,0,0.0,0,0.0,0,0.0,0,0.0,0,0.0,0,0.0,70,88.47320318222046,70,47.1793007850647,0,0.0,0,0.0,0,0.0,40,1107.4152374267578,0,0.0,70,2522.3861694335938,0,0.0,30,476.0179424285888,10,232.26436614990232,0,0.0,20,189.79999542236328,99968.51074397564
2010-05-14,95285.73600590229,0,0.0,0,0.0,0,0.0,0,0.0,0,0.0,0,0.0,80,98.8801860809326,80,55.02799987792969,0,0.0,0,0.0,0,0.0,40,1059.6018981933594,0,0.0,70,2471.4795303344727,0,0.0,30,450.8870315551758,10,217.30634689331055,0,0.0,20,176.00000381469727,99814.91900265217
2010-05-17,95266.43705010414,0,0.0,0,0.0,0,0.0,0,0.0,0,0.0,0,0.0,90,111.53660416603088,90,62.153998017311096,0,0.0,0,0.0,0,0.0,40,1058.2740020751953,0,0.0,70,2458.655471801758,0,0.0,30,450.2145195007324,10,216.05985641479492,0,0.0,20,177.00000762939453,99800.33150970936
2010-05-18,95247.26351618767,0,0.0,0,0.0,0,0.0,0,0.0,0,0.0,0,0.0,100,121.78933620452881,100,69.94600296020508,0,0.0,0,0.0,0,0.0,40,1036.4924621582034,0,0.0,70,2440.00244140625,0,0.0,30,445.9342288970947,10,212.7358627319336,0,0.0,20,168.4000015258789,99742.56385207176
2010-05-19,95227.93370008469,0,0.0,0,0.0,0,0.0,0,0.0,0,0.0,0,0.0,110,136.32757782936096,110,76.30039930343628,0,0.0,0,0.0,0,0.0,40,1046.0551452636719,0,0.0,70,2426.79012298584,0,0.0,30,441.7762470245362,10,211.98795318603516,0,0.0,20,169.40000534057617,99736.57115101814
2010-05-20,95208.48535835743,0,0.0,0,0.0,0,0.0,0,0.0,0,0.0,0,0.0,120,149.74730014801025,120,83.63280057907104,0,0.0,0,0.0,0,0.0,40,1004.8822021484375,0,0.0,70,2344.4074630737305,0,0.0,30,429.9143314361572,10,202.76386260986328,0,0.0,20,161.8000030517578,99585.63332140446
2010-05-21,95135.57864367962,0,0.0,0,0.0,0,0.0,0,0.0,0,0.0,0,0.0,130,163.37199687957764,130,89.77279782295227,0,0.0,0,0.0,0,0.0,40,1063.8518524169922,0,0.0,70,2365.780448913574,0,0.0,30,436.51782989501953,10,208.58087539672852,10,137.43403434753418,10,83.99999618530273,99684.8884755373
2010-05-25,95064.96102154255,0,0.0,0,0.0,0,0.0,0,0.0,0,0.0,0,0.0,140,172.84377574920654,140,97.12079763412476,0,0.0,0,0.0,0,0.0,40,1034.3668365478516,0,0.0,70,2320.314521789551,0,0.0,20,297.208023071289,20,399.8768997192382,10,137.0396709442139,10,81.49999618530273,99605.23154318333
2010-05-26,95045.83581864834,0,0.0,0,0.0,0,0.0,0,0.0,0,0.0,0,0.0,150,182.59504437446594,150,104.28299903869629,0,0.0,0,0.0,0,0.0,40,1030.1170349121094,0,0.0,70,2304.7715759277344,0,0.0,20,295.61824798583984,20,396.71913146972656,10,136.05378150939939,10,82.20000267028809,99578.1936365366
2010-05-27,95026.61995232105,0,0.0,0,0.0,0,0.0,0,0.0,0,0.0,0,0.0,160,197.56746292114258,160,109.88639831542969,0,0.0,0,0.0,0,0.0,40,1073.6807250976562,0,0.0,70,2388.3190155029297,0,0.0,20,301.24353408813477,20,413.0067443847656,10,143.02080154418942,10,88.00000190734863,99741.34463608265
2010-05-28,95007.42694675922,0,0.0,0,0.0,0,0.0,0,0.0,0,0.0,0,0.0,170,208.65809202194214,170,117.62300252914429,0,0.0,0,0.0,0,0.0,40,1051.3674926757812,0,0.0,70,2349.459915161133,0,0.0,20,295.0476455688477,20,412.5081253051758,10,140.78608512878418,10,85.69999694824219,99668.57730209827
2010-06-01,94988.37593257427,0,0.0,0,0.0,0,0.0,0,0.0,0,0.0,0,0.0,180,220.1942539215088,180,122.72400140762329,0,0.0,0,0.0,0,0.0,40,1023.7419128417968,0,0.0,70,2302.4393463134766,0,0.0,20,290.1559638977051,20,413.0067443847656,10,139.20862197875977,10,81.40000343322754,99581.24678075314
2010-06-02,94969.311029315,0,0.0,0,0.0,0,0.0,0,0.0,0,0.0,0,0.0,190,232.54106044769287,190,129.69210147857666,0,0.0,0,0.0,0,0.0,40,1050.5704498291016,0,0.0,70,2361.5058517456055,0,0.0,20,297.5747299194336,20,422.1477508544922,10,143.34944725036618,10,85.39999961853027,99692.0924204588
2010-06-03,94950.30818223953,0,0.0,0,0.0,0,0.0,0,0.0,0,0.0,0,0.0,200,243.3889389038086,200,136.66800260543823,0,0.0,0,0.0,0,0.0,40,1038.6170196533203,0,0.0,70,2392.2058868408203,0,0.0,20,301.2572479248047,20,422.9787063598633,10,143.94098281860352,10,86.89999580383301,99716.26496315002
2010-06-04,94879.07157599926,0,0.0,0,0.0,0,0.0,0,0.0,0,0.0,0,0.0,210,251.39163494110107,210,145.24859726428986,0,0.0,0,0.0,0,0.0,40,999.3041229248047,0,0.0,60,1982.845458984375,10,382.8232192993164,20,289.5554733276367,20,403.03470611572266,10,137.69699096679688,10,81.09999656677246,99552.07177639008
2010-06-07,94616.39043092728,0,0.0,0,0.0,0,0.0,0,0.0,0,0.0,0,0.0,220,262.3044443130493,220,151.99580311775208,0,0.0,0,0.0,0,0.0,50,1219.2465782165527,0,0.0,60,1975.1850128173828,10,383.1991195678711,20,284.72747802734375,20,411.34471893310547,10,133.49045753479004,10,77.10000038146973,99514.9840438366
2010-06-08,94556.03791892529,0,0.0,0,0.0,0,0.0,0,0.0,0,0.0,0,0.0,230,275.35675406455994,230,159.18069422245026,0,0.0,0,0.0,0,0.0,50,1254.4419288635254,0,0.0,50,1699.8363494873047,20,762.8536987304688,20,287.46887207031244,20,414.6686553955078,10,132.63602256774902,10,77.69999980926514,99620.18089413643
2010-06-09,94537.1721291542,0,0.0,0,0.0,0,0.0,0,0.0,0,0.0,0,0.0,240,287.8077507019043,240,164.9712038040161,0,0.0,0,0.0,0,0.0,50,1232.528018951416,0,0.0,50,1666.2498474121094,20,760.38330078125,20,286.4460182189942,20,417.99266815185547,10,130.99284172058103,10,76.10000133514404,99560.64378023148
2010-06-10,94518.26429843903,0,0.0,0,0.0,0,0.0,0,0.0,0,0.0,0,0.0,250,302.72576212882996,250,169.97000575065613,0,0.0,0,0.0,0,0.0,50,1271.3763236999512,0,0.0,50,1717.878532409668,20,796.6891479492188,20,293.56517791748047,20,441.09447479248047,10,135.06787300109863,10,80.10000228881836,99726.73159837723
2010-06-11,94499.27838146687,0,0.0,0,0.0,0,0.0,0,0.0,0,0.0,0,0.0,260,314.9644422531128,260,178.66939902305603,0,0.0,0,0.0,0,0.0,50,1264.7356986999512,0,0.0,50,1717.045021057129,20,795.5075073242188,20,295.9383010864257,20,433.1169128417969,10,135.65939903259275,10,81.19999885559082,99716.11506164074
2010-06-14,94480.27421236038,0,0.0,0,0.0,0,0.0,0,0.0,0,0.0,0,0.0,270,329.88785862922674,270,183.22470724582672,0,0.0,0,0.0,0,0.0,50,1239.5011901855469,0,0.0,50,1703.4442901611328,20,796.7967987060547,20,295.48818588256836,20,436.2746810913086,10,137.30257987976074,10,82.79999732971191,99684.99450147152
2010-06-15,94480.27421236038,0,0.0,0,0.0,0,0.0,0,0.0,0,0.0,0,0.0,270,332.61473178863525,270,182.43359506130219,0,0.0,0,0.0,0,0.0,50,1270.0482368469238,0,0.0,50,1735.0872039794922,20,808.0754089355469,20,302.68932342529297,20,443.5874938964844,10,141.18045806884766,10,88.19999694824219,99784.19066131115
2010-06-16,94461.17617666721,0,0.0,0,0.0,0,0.0,0,0.0,0,0.0,0,0.0,280,344.73419189453125,280,190.01080751419067,0,0.0,0,0.0,0,0.0,50,1279.0133476257324,0,0.0,50,1735.0872039794922,20,805.0675201416016,20,302.07551956176763,20,437.10567474365234,10,141.24617576599118,10,88.99999618530273,99784.51661407948
2010-06-17,94442.0446151495,0,0.0,0,0.0,0,0.0,0,0.0,0,0.0,0,0.0,290,359.0797829627991,290,195.7355010509491,0,0.0,0,0.0,0,0.0,50,1276.3567924499512,0,0.0,50,1737.5850677490234,20,809.041748046875,20,305.1032257080078,20,440.2634811401367,10,141.4433479309082,10,89.0999984741211,99795.75356066227
2010-06-18,94442.0446151495,0,0.0,0,0.0,0,0.0,0,0.0,0,0.0,0,0.0,290,359.3957245349884,290,195.54990828037262,0,0.0,0,0.0,0,0.0,50,1300.927734375,0,0.0,50,1751.4633178710938,20,811.1901092529296,20,306.61718368530273,20,434.6126937866211,10,140.65461158752439,10,88.29999923706055,99830.75589776039
2010-06-21,94442.0446151495,0,0.0,0,0.0,0,0.0,0,0.0,0,0.0,0,0.0,290,357.1648430824279,290,196.47790670394897,0,0.0,0,0.0,0,0.0,50,1290.6349182128906,0,0.0,50,1752.296257019043,20,813.3383178710938,20,304.202938079834,20,430.29151916503906,10,139.27437782287598,10,88.00000190734863,99813.725695014
2010-06-22,94442.0446151495,0,0.0,0,0.0,0,0.0,0,0.0,0,0.0,0,0.0,290,355.9767174720764,290,195.68039536476135,0,0.0,0,0.0,0,0.0,50,1272.7048873901367,0,0.0,50,1719.265365600586,20,794.8633575439453,20,296.47010803222656,20,433.28311920166016,10,137.89410591125488,10,85.79999923706055,99733.9826709032
2010-06-23,94442.0446151495,0,0.0,0,0.0,0,0.0,0,0.0,0,0.0,0,0.0,290,357.2528600692749,290,193.7460958957672,0,0.0,0,0.0,0,0.0,50,1291.2986755371094,0,0.0,50,1695.949935913086,20,776.1730194091797,20,296.71569824218756,20,438.7677383422851,10,136.77675247192386,10,85.60000419616699,99714.32539522648
2010-06-24,94442.0446151495,0,0.0,0,0.0,0,0.0,0,0.0,0,0.0,0,0.0,290,357.7861475944519,290,194.21300768852234,0,0.0,0,0.0,0,0.0,50,1262.7432823181152,0,0.0,50,1667.3603057861328,20,760.8130645751953,20,284.89124298095703,20,420.4856872558594,10,133.5561561584473,10,81.30000114440918,99605.19351065159
2010-06-28,94423.14459741116,0,0.0,0,0.0,0,0.0,0,0.0,0,0.0,0,0.0,300,368.31053495407104,300,198.6899971961975,0,0.0,0,0.0,0,0.0,50,1279.6773910522459,0,0.0,50,1622.9490280151367,20,751.4678955078125,20,288.45081329345703,20,419.65473175048834,10,133.81911277770996,10,80.50000190734863,99566.66410386562
2010-06-29,94404.31524395943,0,0.0,0,0.0,0,0.0,0,0.0,0,0.0,0,0.0,310,377.7769494056701,310,205.93300759792328,0,0.0,0,0.0,0,0.0,50,1230.53560256958,0,0.0,50,1590.1959419250488,20,734.2816162109375,20,278.91761779785156,20,403.03470611572266,10,130.07266998291016,10,74.80000019073486,99429.8633557558
2010-06-30,94385.39372086525,0,0.0,0,0.0,0,0.0,0,0.0,0,0.0,0,0.0,320,391.3607406616211,320,214.12799835205078,0,0.0,0,0.0,0,0.0,50,1215.593719482422,0,0.0,50,1584.0889930725098,20,728.9108276367188,20,276.38086318969727,20,401.37264251708984,10,127.83795356750488,10,73.20000171661377,99398.26746106148
2010-07-01,94366.29241645336,0,0.0,0,0.0,0,0.0,0,0.0,0,0.0,0,0.0,330,412.7476394176483,330,217.59540617465973,0,0.0,0,0.0,0,0.0,50,1199.6342658996582,0,0.0,50,1571.3217735290527,20,724.8293304443359,20,278.5085487365722,20,404.53052520751953,10,126.5234375,10,73.89999866485596,99375.88334202766
2010-07-02,94347.14459061623,0,0.0,0,0.0,0,0.0,0,0.0,0,0.0,0,0.0,340,427.41488695144653,340,223.61119151115417,0,0.0,0,0.0,0,0.0,50,1191.3219451904297,0,0.0,50,1570.211124420166,20,723.0032348632812,20,277.6492691040039,20,404.6967315673828,10,126.19479179382324,10,71.70000076293945,99362.94776678085
2010-07-06,94385.55237591267,0,0.0,0,0.0,0,0.0,0,0.0,0,0.0,0,0.0,350,441.84109568595886,350,231.1154991388321,0,0.0,0,0.0,0,0.0,50,1207.9468727111816,0,0.0,50,1594.914627075195,20,725.6886291503906,20,274.98987197875977,20,411.6770935058594,0,0.0,20,140.79999923706055,99414.5260643959
2010-07-07,94292.43095636368,0,0.0,0,0.0,0,0.0,0,0.0,0,0.0,0,0.0,360,454.7923564910888,360,237.178795337677,0,0.0,0,0.0,0,0.0,50,1268.4603691101074,0,0.0,50,1621.8393325805664,20,745.989990234375,20,280.51342010498047,20,424.3082809448242,0,0.0,30,221.69999599456787,99547.21349716187
2010-07-08,94218.73095750809,0,0.0,0,0.0,0,0.0,0,0.0,0,0.0,0,0.0,360,456.9861888885498,360,237.54600048065186,0,0.0,0,0.0,0,0.0,50,1268.7929153442385,0,0.0,50,1632.3858261108398,20,756.3014984130859,20,287.55065917968756,20,421.3166809082031,0,0.0,40,294.7999954223633,99574.4107222557
2010-07-09,94145.33095598221,0,0.0,0,0.0,0,0.0,0,0.0,0,0.0,0,0.0,360,455.1834011077881,360,238.91759634017944,0,0.0,0,0.0,0,0.0,50,1291.734790802002,0,0.0,50,1631.5536499023438,20,771.6616058349609,20,287.0186996459961,20,427.7984619140625,0,0.0,50,367.00000762939453,99616.19916915894
2010-07-12,94052.48493611813,0,0.0,0,0.0,0,0.0,0,0.0,0,0.0,0,0.0,370,465.83068490028376,370,246.27200067043304,0,0.0,0,0.0,0,0.0,50,1303.0396461486816,0,0.0,50,1635.9949111938477,20,771.7690277099609,20,285.6277275085449,20,425.4717254638672,0,0.0,60,441.60000801086426,99628.09066772461
2010-07-13,94188.21428239346,0,0.0,0,0.0,0,0.0,0,0.0,0,0.0,0,0.0,370,470.67204952239985,370,243.6598038673401,0,0.0,0,0.0,0,0.0,40,1076.7449951171875,10,121.68944358825684,60,1979.1817474365234,10,393.2961654663086,20,288.3280754089355,20,435.44361114501953,0,0.0,70,526.399998664856,99723.63017261028
2010-07-15,94244.24853265285,0,0.0,0,0.0,0,0.0,0,0.0,0,0.0,0,0.0,380,491.28613233566284,380,246.06518983840942,0,0.0,0,0.0,0,0.0,30,807.1598052978516,20,239.0300750732422,60,1974.1845703125,10,392.2758483886719,20,289.0644836425781,20,436.2746810913086,0,0.0,80,592.7999877929688,99712.38930642605
2010-07-16,94375.56273937225,0,0.0,0,0.0,0,0.0,0,0.0,0,0.0,0,0.0,390,504.3451237678528,390,254.78699505329132,0,0.0,0,0.0,0,0.0,20,518.68896484375,30,325.69604873657227,60,1930.5514526367188,10,384.0047836303711,20,282.15003967285156,20,423.8096237182618,0,0.0,80,589.5999908447266,99589.19576227665
2010-07-19,94509.97381091118,0,0.0,0,0.0,0,0.0,0,0.0,0,0.0,0,0.0,400,517.5782680511476,400,262.716007232666,0,0.0,0,0.0,0,0.0,10,259.61042404174805,40,422.76798248291016,60,1946.2071990966797,10,386.6901016235352,20,280.71788787841797,20,426.3026809692382,0,0.0,80,595.2000045776367,99607.76436686516
2010-07-20,94647.13863611221,0,0.0,0,0.0,0,0.0,0,0.0,0,0.0,0,0.0,410,528.6161625385284,410,268.19739818573,0,0.0,0,0.0,0,0.0,0,0.0,50,534.6725940704346,60,1963.5269165039062,10,392.59803771972656,20,285.7504463195801,20,432.95066833496094,0,0.0,80,607.9999923706055,99661.45085215569
2010-07-21,94627.78476774693,0,0.0,0,0.0,0,0.0,0,0.0,0,0.0,0,0.0,420,536.2546634674072,420,276.60780787467957,0,0.0,0,0.0,0,0.0,0,0.0,50,518.7528133392334,60,1937.5460815429688,10,387.6030731201172,20,284.97297286987305,20,421.1505126953125,0,0.0,80,592.0000076293945,99582.67270028591
2010-07-22,94687.55620121956,0,0.0,0,0.0,0,0.0,0,0.0,0,0.0,0,0.0,430,554.8315680027008,430,281.5596932172775,0,0.0,0,0.0,0,0.0,0,0.0,50,530.4013729095459,60,1977.8491973876953,10,394.4239807128906,30,439.1818428039551,10,225.61634063720703,0,0.0,80,608.8000106811523,99700.22020757198
2010-07-23,94668.16604435444,0,0.0,0,0.0,0,0.0,0,0.0,0,0.0,0,0.0,440,568.1744909286499,440,284.9924111366272,0,0.0,0,0.0,0,0.0,0,0.0,50,533.5077285766602,60,1989.1744995117188,10,394.85363006591797,30,446.42374992370605,10,228.44173431396484,0,0.0,80,625.6000137329102,99739.3343025446
2010-07-26,94668.16604435444,0,0.0,0,0.0,0,0.0,0,0.0,0,0.0,0,0.0,440,571.9559717178345,440,284.0551972389221,0,0.0,0,0.0,0,0.0,0,0.0,50,549.4274139404297,60,2011.490707397461,10,400.76141357421875,30,449.36948776245123,10,227.86005020141602,0,0.0,80,645.5999755859375,99808.68626177311
2010-07-27,94668.16604435444,0,0.0,0,0.0,0,0.0,0,0.0,0,0.0,0,0.0,440,571.5992975234985,440,282.2688102722168,0,0.0,0,0.0,0,0.0,0,0.0,50,550.9804725646972,60,2025.4804229736328,10,404.4134140014648,30,452.19271659851074,10,228.35865020751953,0,0.0,80,656.8000030517578,99840.25983154774
2010-07-28,94668.16604435444,0,0.0,0,0.0,0,0.0,0,0.0,0,0.0,0,0.0,440,571.6587257385254,440,282.1587920188904,0,0.0,0,0.0,0,0.0,0,0.0,50,543.2148933410643,60,2028.8111114501953,10,405.8097076416016,30,448.694486618042,10,222.62475967407227,0,0.0,80,638.4000015258789,99809.53852236271
2010-07-29,94668.16604435444,0,0.0,0,0.0,0,0.0,0,0.0,0,0.0,0,0.0,440,575.4342269897461,440,281.82878971099854,0,0.0,0,0.0,0,0.0,0,0.0,50,544.7682857513428,60,2009.8249053955078,10,408.28014373779297,30,451.2721824645996,10,221.8768310546875,0,0.0,80,622.400016784668,99783.85142624378
2010-07-30,94668.16604435444,0,0.0,0,0.0,0,0.0,0,0.0,0,0.0,0,0.0,440,573.7160015106201,440,280.4692053794861,0,0.0,0,0.0,0,0.0,0,0.0,50,545.1562881469725,60,1987.8417205810547,10,409.30065155029297,30,451.9471549987793,10,225.5332374572754,0,0.0,80,599.1999816894531,99741.33028566837
2010-08-02,94668.16604435444,0,0.0,0,0.0,0,0.0,0,0.0,0,0.0,0,0.0,440,579.7407007217407,440,276.90519094467163,0,0.0,0,0.0,0,0.0,0,0.0,50,560.6878757476806,60,2063.118438720703,10,417.8402328491211,30,456.12044334411627,10,231.51641845703125,0,0.0,80,612.0000076293945,99866.0953527689
2010-08-03,94668.16604435444,0,0.0,0,0.0,0,0.0,0,0.0,0,0.0,0,0.0,440,581.9028282165527,440,275.9328079223633,0,0.0,0,0.0,0,0.0,0,0.0,50,556.804895401001,60,2089.0992736816406,10,422.4590301513672,30,448.6332321166992,10,230.1868438720703,0,0.0,80,600.8000183105469,99873.98497402668
2010-08-04,94668.16604435444,0,0.0,0,0.0,0,0.0,0,0.0,0,0.0,0,0.0,440,581.9028282165527,440,275.9328079223633,0,0.0,0,0.0,0,0.0,0,0.0,50,550.9804725646972,60,2089.0992736816406,10,424.39258575439453,30,454.15672302246094,10,231.43333435058594,0,0.0,80,601.5999984741211,99877.66406834126
2010-08-05,94753.90817463398,0,0.0,0,0.0,0,0.0,0,0.0,0,0.0,0,0.0,440,578.9550209045411,440,276.86999559402466,0,0.0,0,0.0,0,0.0,0,0.0,50,544.3797588348388,60,2088.7660217285156,10,424.6609115600586,40,606.0328674316406,0,0.0,0,0.0,80,600.0,99873.5727506876
2010-08-06,94583.13048362732,0,0.0,0,0.0,0,0.0,0,0.0,0,0.0,0,0.0,450,593.158882856369,450,283.1715077161789,0,0.0,0,0.0,0,0.0,0,0.0,50,542.0501232147217,60,2064.117965698242,10,422.83496856689453,50,756.5184116363525,0,0.0,0,0.0,80,595.9999847412109,99840.98232805729
2010-08-09,94563.58620166779,0,0.0,0,0.0,0,0.0,0,0.0,0,0.0,0,0.0,460,611.1413812637329,460,287.8955888748169,0,0.0,0,0.0,0,0.0,0,0.0,50,540.1083469390869,60,2080.1058197021484,10,425.84251403808594,50,758.1552505493164,0,0.0,0,0.0,80,593.6000061035156,99860.43510913849
2010-08-10,94544.06933784485,0,0.0,0,0.0,0,0.0,0,0.0,0,0.0,0,0.0,470,621.8082976341248,470,295.4843020439148,0,0.0,0,0.0,0,0.0,0,0.0,50,529.2365074157715,60,2062.786331176758,10,424.4997787475586,50,756.007194519043,0,0.0,0,0.0,80,546.3999938964844,99780.2917432785
2010-08-11,94524.57837939262,0,0.0,0,0.0,0,0.0,0,0.0,0,0.0,0,0.0,480,632.8780174255371,480,302.68798828125,0,0.0,0,0.0,0,0.0,0,0.0,50,512.1517658233641,60,2025.8837127685547,10,414.24198150634766,50,737.2886657714844,0,0.0,0,0.0,80,519.1999816894531,99668.91049265862
2010-08-12,94505.3375184536,0,0.0,0,0.0,0,0.0,0,0.0,0,0.0,0,0.0,490,629.3589723110199,490,313.44321370124817,0,0.0,0,0.0,0,0.0,0,0.0,50,507.103967666626,60,2020.517349243164,10,413.9195251464844,50,731.5603733062744,0,0.0,0,0.0,80,525.6000137329102,99646.84093356133
2010-08-13,94339.46375906467,0,0.0,0,0.0,0,0.0,0,0.0,0,0.0,0,0.0,500,641.4944529533386,500,320.7649886608124,0,0.0,0,0.0,0,0.0,10,249.3695831298828,40,410.9640502929688,60,2009.7818756103516,10,415.6918716430664,50,721.9453811645508,0,0.0,0,0.0,80,519.1999816894531,99628.6759442091
2010-08-16,94320.28385579586,0,0.0,0,0.0,0,0.0,0,0.0,0,0.0,0,0.0,510,651.3160586357117,510,326.85900807380676,0,0.0,0,0.0,0,0.0,10,250.63312530517575,40,409.72141265869135,60,2008.7759399414062,10,417.3567962646485,50,726.8553256988525,0,0.0,0,0.0,80,529.5999908447266,99641.40151321888
2010-08-17,94301.0804849863,0,0.0,0,0.0,0,0.0,0,0.0,0,0.0,0,0.0,520,666.2224769592286,520,332.3528051376343,0,0.0,0,0.0,0,0.0,10,249.2367935180664,40,410.3427886962891,60,2040.3099060058594,10,421.58519744873047,50,733.5038185119629,0,0.0,0,0.0,80,530.4000091552734,99685.03428041935
2010-08-18,94281.7812269926,0,0.0,0,0.0,0,0.0,0,0.0,0,0.0,0,0.0,530,682.6377820968628,530,340.2228915691376,0,0.0,0,0.0,0,0.0,10,251.9631576538086,40,413.7596130371094,60,2017.833480834961,10,417.6278305053711,50,738.9252185821533,0,0.0,0,0.0,80,525.6000137329102,99670.35121500492
2010-08-19,94262.51408159733,0,0.0,0,0.0,0,0.0,0,0.0,0,0.0,0,0.0,540,694.248046875,540,346.17780447006226,0,0.0,0,0.0,0,0.0,10,246.51018142700195,40,404.44080352783203,60,1988.9826965332031,10,411.12281799316406,50,729.7191619873047,0,0.0,0,0.0,80,513.6000061035156,99597.31560051441
2010-08-20,94243.28634858131,0,0.0,0,0.0,0,0.0,0,0.0,0,0.0,0,0.0,550,704.4418275356293,550,353.0834883451462,0,0.0,0,0.0,0,0.0,10,246.97566986083984,40,399.7810745239258,60,1975.5642700195312,10,406.8403625488281,50,728.9011955261229,0,0.0,0,0.0,80,500.0,99558.87423694134
2010-08-23,94224.14341509342,0,0.0,0,0.0,0,0.0,0,0.0,0,0.0,0,0.0,560,711.761884689331,560,360.2423906326294,0,0.0,0,0.0,0,0.0,10,245.24669647216797,40,399.7810745239258,60,1996.0281372070312,10,406.8403625488281,50,725.7301807403563,0,0.0,0,0.0,80,491.19998931884766,99560.97413122654
2010-08-24,94205.05517840385,0,0.0,0,0.0,0,0.0,0,0.0,0,0.0,0,0.0,570,720.197092294693,570,367.83239901065826,0,0.0,0,0.0,0,0.0,10,240.79124450683594,40,392.63683319091797,60,1977.2419738769531,10,399.9557113647461,50,716.5241718292236,0,0.0,0,0.0,80,479.1999816894531,99499.43458616734
2010-08-25,94185.93331694603,0,0.0,0,0.0,0,0.0,0,0.0,0,0.0,0,0.0,580,732.7117538452148,580,376.35621070861816,0,0.0,0,0.0,0,0.0,10,240.9244155883789,40,393.2580947875976,60,1976.235580444336,10,401.52774810791016,50,717.3423290252687,0,0.0,0,0.0,80,490.40000915527344,99514.68945860863
2010-08-26,94166.80611848831,0,0.0,0,0.0,0,0.0,0,0.0,0,0.0,0,0.0,590,747.1759176254272,590,381.3287913799286,0,0.0,0,0.0,0,0.0,10,236.93435668945312,40,387.3561096191406,60,1961.810073852539,10,397.5162506103515,50,720.0019359588623,0,0.0,0,0.0,80,469.59999084472656,99468.52954506874
2010-08-27,94147.65633821487,0,0.0,0,0.0,0,0.0,0,0.0,0,0.0,0,0.0,600,762.3888015747069,600,386.59801483154297,0,0.0,0,0.0,0,0.0,10,243.3847427368164,40,392.63683319091797,60,2006.092300415039,10,406.1898422241211,50,725.6277084350586,0,0.0,0,0.0,80,486.3999938964844,99556.97457551956
2010-08-30,94128.4648746252,0,0.0,0,0.0,0,0.0,0,0.0,0,0.0,0,0.0,610,777.991771697998,610,392.68750727176666,0,0.0,0,0.0,0,0.0,10,238.39731216430664,40,382.6966857910156,60,1979.2547607421875,10,399.9557113647461,50,719.6949005126953,0,0.0,0,0.0,80,462.40001678466797,99481.54354095459
2010-08-31,94109.33315217495,0,0.0,0,0.0,0,0.0,0,0.0,0,0.0,0,0.0,620,785.2872037887573,620,400.87958812713623,0,0.0,0,0.0,0,0.0,10,241.78874969482425,40,387.04532623291016,60,1982.9447937011719,10,401.58203125,50,716.0127639770508,0,0.0,0,0.0,80,448.80001068115234,99473.67361962795
2010-09-01,94090.13115644455,0,0.0,0,0.0,0,0.0,0,0.0,0,0.0,0,0.0,630,799.2996275424957,630,410.42610347270966,0,0.0,0,0.0,0,0.0,10,250.96569061279297,40,410.67237854003906,60,2043.328857421875,10,416.1643981933594,50,737.7998828887941,0,0.0,0,0.0,80,460.8000183105469,99619.58811342716
2010-09-02,94070.85490643978,0,0.0,0,0.0,0,0.0,0,0.0,0,0.0,0,0.0,640,819.3888092041016,640,414.2911911010742,0,0.0,0,0.0,0,0.0,10,253.75858306884768,40,412.8483581542969,60,2048.361053466797,10,419.85050201416016,50,749.0939140319824,0,0.0,0,0.0,80,474.39998626708984,99662.84730374813
2010-09-03,94070.85490643978,0,0.0,0,0.0,0,0.0,0,0.0,0,0.0,0,0.0,640,820.8601379394531,640,415.69278717041016,0,0.0,0,0.0,0,0.0,10,260.474910736084,40,419.6878433227539,60,2057.0823669433594,10,422.8318405151367,50,762.3383522033693,0,0.0,0,0.0,80,487.20001220703125,99717.02315747738
2010-09-07,94051.49094998837,0,0.0,0,0.0,0,0.0,0,0.0,0,0.0,0,0.0,650,836.4431858062744,650,422.2139835357666,0,0.0,0,0.0,0,0.0,10,254.55644607543945,40,410.67237854003906,60,2031.2519073486328,10,417.68211364746094,50,759.9767208099365,0,0.0,0,0.0,80,475.99998474121094,99660.28767049313
2010-09-08,94207.72163808346,0,0.0,0,0.0,0,0.0,0,0.0,0,0.0,0,0.0,650,824.0678131580353,650,423.48800897598267,0,0.0,0,0.0,0,0.0,0,0.0,50,519.5580959320068,60,2037.9611206054688,10,418.76636505126953,50,761.2092018127443,0,0.0,0,0.0,80,466.3999938964844,99659.17223751545
2010-09-09,94102.79967725277,0,0.0,0,0.0,0,0.0,0,0.0,0,0.0,0,0.0,650,827.5826573371887,650,420.06250619888306,0,0.0,0,0.0,0,0.0,0,0.0,60,629.5317649841309,60,2048.0250549316406,10,419.3627166748047,50,758.9498996734619,0,0.0,0,0.0,80,468.80001068115234,99675.11428773403
2010-09-10,94102.79967725277,0,0.0,0,0.0,0,0.0,0,0.0,0,0.0,0,0.0,650,825.0511109828949,650,421.3689982891083,0,0.0,0,0.0,0,0.0,0,0.0,60,631.8634414672852,60,2053.0579376220703,10,427.27710723876953,50,757.2044372558594,0,0.0,0,0.0,80,464.7999954223633,99683.42270553112
2010-09-13,94082.93047368526,0,0.0,0,0.0,0,0.0,0,0.0,0,0.0,0,0.0,650,826.6039311885834,650,422.8769928216934,0,0.0,0,0.0,0,0.0,0,0.0,70,758.9357280731201,70,2387.405242919922,0,0.0,50,766.753625869751,0,0.0,0,0.0,80,494.39998626708984,99739.90598082542
2010-09-14,93741.81642949581,0,0.0,0,0.0,0,0.0,0,0.0,0,0.0,0,0.0,650,836.6800606250762,650,421.31049633026123,0,0.0,0,0.0,0,0.0,0,0.0,70,744.2463397979736,80,2728.912353515625,0,0.0,50,772.8110790252687,0,0.0,0,0.0,80,501.5999984741211,99747.37675726414
2010-09-15,93741.81642949581,0,0.0,0,0.0,0,0.0,0,0.0,0,0.0,0,0.0,650,844.4629132747649,650,418.4375077486038,0,0.0,0,0.0,0,0.0,0,0.0,70,745.8784198760986,80,2728.463134765625,0,0.0,50,786.0555171966552,0,0.0,0,0.0,80,497.59998321533203,99762.71390557289
2010-09-16,93680.31642854214,0,0.0,0,0.0,0,0.0,0,0.0,0,0.0,0,0.0,650,845.9796249866486,650,415.75951278209686,0,0.0,0,0.0,0,0.0,0,0.0,70,737.174015045166,80,2727.1221923828125,0,0.0,50,786.8772983551025,0,0.0,0,0.0,90,553.5000085830688,99746.72908067703
2010-09-17,93699.79112625122,0,0.0,0,0.0,0,0.0,0,0.0,0,0.0,0,0.0,640,836.8638610839844,640,409.5167922973633,0,0.0,0,0.0,0,0.0,0,0.0,70,729.0132808685303,80,2718.6245727539062,0,0.0,50,793.2431221008301,0,0.0,0,0.0,90,550.7999897003174,99737.85274505615
2010-09-20,93638.89112472534,0,0.0,0,0.0,0,0.0,0,0.0,0,0.0,0,0.0,640,834.8116302490234,640,409.0496063232422,0,0.0,0,0.0,0,0.0,0,0.0,70,747.5107669830322,80,2753.0642700195312,0,0.0,50,804.6393394470215,0,0.0,0,0.0,100,609.0000152587891,99796.96675300598
2010-09-21,93577.1911239624,0,0.0,0,0.0,0,0.0,0,0.0,0,0.0,0,0.0,640,836.2842559814453,640,411.6223907470703,0,0.0,0,0.0,0,0.0,0,0.0,70,742.6143932342528,80,2752.6177978515625,0,0.0,50,797.6573467254638,0,0.0,0,0.0,110,678.700008392334,99796.68731689453
2010-09-22,93418.43992233276,0,0.0,0,0.0,0,0.0,0,0.0,0,0.0,0,0.0,640,848.4462738037109,640,409.8112106323242,0,0.0,0,0.0,0,0.0,0,0.0,70,730.1013565063477,80,2748.5919189453125,0,0.0,60,952.507209777832,0,0.0,0,0.0,110,688.600025177002,99796.4979171753
2010-09-23,93418.43992233276,0,0.0,0,0.0,0,0.0,0,0.0,0,0.0,0,0.0,640,857.0242309570311,640,409.0496063232422,0,0.0,0,0.0,0,0.0,0,0.0,70,716.5005779266357,80,2735.1727294921875,0,0.0,60,956.9427108764648,0,0.0,0,0.0,110,704.0000104904175,99797.12978839874
2010-09-24,93255.04795074463,0,0.0,0,0.0,0,0.0,0,0.0,0,0.0,0,0.0,640,852.4240875244141,640,408.1919860839844,0,0.0,0,0.0,0,0.0,0,0.0,70,739.8943042755127,80,2762.0123291015625,0,0.0,70,1143.7438011169434,0,0.0,0,0.0,110,752.400016784668,99913.71447563171
2010-09-27,93015.58230161667,0,0.0,0,0.0,0,0.0,0,0.0,0,0.0,0,0.0,650,876.1406779289246,650,410.58549880981445,0,0.0,0,0.0,0,0.0,0,0.0,70,720.3088760375977,80,2760.220947265625,0,0.0,80,1299.5797729492188,0,0.0,10,127.42238998413086,100,701.9999980926514,99911.84046268463
2010-09-28,92849.99317884445,0,0.0,0,0.0,0,0.0,0,0.0,0,0.0,0,0.0,650,873.5385417938232,650,411.1315041780472,0,0.0,0,0.0,0,0.0,0,0.0,70,721.9407558441162,80,2775.8761596679688,0,0.0,90,1490.3021049499512,0,0.0,10,129.2105484008789,100,694.9999809265137,99946.99277460575
2010-09-29,92451.01402521133,0,0.0,0,0.0,0,0.0,0,0.0,0,0.0,0,0.0,650,882.1095049381256,650,411.3135188817978,0,0.0,0,0.0,0,0.0,0,0.0,70,713.2361507415771,90,3099.210891723633,0,0.0,90,1477.1806526184082,0,0.0,20,254.84477996826172,90,655.2000188827515,99944.10954296589
2010-09-30,92451.01402521133,0,0.0,0,0.0,0,0.0,0,0.0,0,0.0,0,0.0,650,885.824030637741,650,411.50200366973877,0,0.0,0,0.0,0,0.0,0,0.0,70,712.6919460296631,90,3109.2764282226562,0,0.0,90,1481.0617446899414,0,0.0,20,254.3149185180664,90,639.9000120162964,99945.58510899544
2010-10-01,92451.01402521133,0,0.0,0,0.0,0,0.0,0,0.0,0,0.0,0,0.0,650,885.4379951953887,650,413.57549130916595,0,0.0,0,0.0,0,0.0,0,0.0,70,723.5730361938477,90,3147.0137786865234,0,0.0,90,1483.0947303771973,0,0.0,20,255.90444564819336,90,634.5000171661377,99994.11351978779
2010-10-04,92430.91597437859,0,0.0,0,0.0,0,0.0,0,0.0,0,0.0,0,0.0,660,909.2787551879883,660,417.192599773407,0,0.0,0,0.0,0,0.0,0,0.0,70,715.4123687744141,90,3129.4026947021484,0,0.0,90,1476.2565994262695,0,0.0,20,249.9439239501953,90,624.6000051498413,99953.00292134285
2010-10-05,92410.9224832058,0,0.0,0,0.0,0,0.0,0,0.0,0,0.0,0,0.0,670,916.1641037464142,670,423.39980483055115,0,0.0,0,0.0,0,0.0,0,0.0,70,737.7178192138672,90,3183.24462890625,0,0.0,90,1502.4998474121094,0,0.0,20,253.65259170532224,90,628.2000017166138,100055.80128073692
2010-10-06,92390.79584538937,0,0.0,0,0.0,0,0.0,0,0.0,0,0.0,0,0.0,680,940.7077598571777,680,427.90361166000366,0,0.0,0,0.0,0,0.0,0,0.0,70,728.4693431854248,90,3217.4622344970703,0,0.0,90,1502.684211730957,0,0.0,20,255.7719612121582,90,617.4000120162964,100081.19497954845
2010-10-07,92370.57262897491,0,0.0,0,0.0,0,0.0,0,0.0,0,0.0,0,0.0,690,960.4811239242554,690,434.92080867290497,0,0.0,0,0.0,0,0.0,0,0.0,70,724.1170406341553,90,3212.9344940185547,0,0.0,90,1496.7709922790527,0,0.0,20,256.9641304016113,90,618.2999897003174,100075.06120860577
2010-10-08,92350.34746527672,0,0.0,0,0.0,0,0.0,0,0.0,0,0.0,0,0.0,700,974.9574780464174,700,440.80398082733154,0,0.0,0,0.0,0,0.0,0,0.0,70,717.0445823669434,90,3239.603805541992,0,0.0,90,1516.175422668457,0,0.0,20,258.5534477233887,90,634.5000171661377,100131.98619961739
2010-10-12,92330.17515182495,0,0.0,0,0.0,0,0.0,0,0.0,0,0.0,0,0.0,710,985.4951584339142,710,446.7390966415405,0,0.0,0,0.0,0,0.0,0,0.0,70,735.5420017242432,90,3255.7077026367188,0,0.0,90,1513.4041213989258,0,0.0,20,261.86492919921875,90,657.0000171661377,100185.92817902565
2010-10-13,92309.9335360527,0,0.0,0,0.0,0,0.0,0,0.0,0,0.0,0,0.0,720,1002.0179271697998,720,455.37840843200684,0,0.0,0,0.0,0,0.0,0,0.0,70,723.0287647247314,90,3272.816505432129,0,0.0,90,1515.805835723877,0,0.0,20,254.84477996826172,90,649.7999811172485,100183.62573862076
2010-10-14,92289.67897593975,0,0.0,0,0.0,0,0.0,0,0.0,0,0.0,0,0.0,730,1019.6099889278412,730,458.9728993177414,0,0.0,0,0.0,0,0.0,0,0.0,70,685.4900550842285,90,3285.8991622924805,0,0.0,90,1511.1853981018066,0,0.0,20,255.90444564819336,90,642.5999879837036,100149.34091329575
2010-10-15,92269.35945570469,0,0.0,0,0.0,0,0.0,0,0.0,0,0.0,0,0.0,740,1041.3294839859007,740,462.3150134086609,0,0.0,0,0.0,0,0.0,0,0.0,70,651.7595767974854,90,3280.363426208496,0,0.0,90,1515.4365921020508,0,0.0,20,255.90444564819336,90,640.7999897003174,100117.2679835558
2010-10-18,92249.13692116737,0,0.0,0,0.0,0,0.0,0,0.0,0,0.0,0,0.0,750,1047.3251044750214,750,469.3649858236313,0,0.0,0,0.0,0,0.0,0,0.0,70,671.3450717926025,90,3335.210952758789,0,0.0,90,1509.1527557373047,0,0.0,20,254.18249130249023,90,626.4000034332275,100162.11828649044
2010-10-19,92228.90929877758,0,0.0,0,0.0,0,0.0,0,0.0,0,0.0,0,0.0,760,1059.1301012039185,760,478.16920042037964,0,0.0,0,0.0,0,0.0,0,0.0,70,641.9668960571289,90,3276.8405914306636,0,0.0,90,1491.9661903381348,0,0.0,20,254.44734573364255,90,625.4999828338623,100056.92960679531
2010-10-20,92228.90929877758,0,0.0,0,0.0,0,0.0,0,0.0,0,0.0,0,0.0,760,1044.1711997985842,760,483.9832139015198,0,0.0,0,0.0,0,0.0,0,0.0,70,639.2467403411866,90,3321.6260147094727,0,0.0,90,1501.3909149169922,0,0.0,20,260.1430320739746,90,613.8000154495239,100093.27042996883
2010-10-21,92228.90929877758,0,0.0,0,0.0,0,0.0,0,0.0,0,0.0,0,0.0,760,1061.2005615234375,760,479.6436095237732,0,0.0,0,0.0,0,0.0,0,0.0,70,618.0292320251465,90,3337.2241973876953,0,0.0,90,1517.4694061279297,0,0.0,20,261.73257827758795,90,620.0999879837036,100124.30887162685
2010-10-22,92228.90929877758,0,0.0,0,0.0,0,0.0,0,0.0,0,0.0,0,0.0,760,1057.6855897903442,760,483.7096047401428,0,0.0,0,0.0,0,0.0,0,0.0,70,622.3818016052246,90,3338.2308197021484,0,0.0,90,1513.9585876464844,0,0.0,20,262.79212951660156,90,620.0999879837036,100127.76781976223
2010-10-25,92228.90929877758,0,0.0,0,0.0,0,0.0,0,0.0,0,0.0,0,0.0,760,1059.7504329681396,760,484.72798347473145,0,0.0,0,0.0,0,0.0,0,0.0,70,607.1484088897705,90,3331.185836791992,0,0.0,90,1516.3597869873047,0,0.0,20,263.18944931030273,90,653.4000205993652,100144.67121779919
2010-10-26,92228.90929877758,0,0.0,0,0.0,0,0.0,0,0.0,0,0.0,0,0.0,760,1060.1199865341187,760,483.77800703048706,0,0.0,0,0.0,0,0.0,0,0.0,70,614.7648048400879,90,3347.7916717529297,0,0.0,90,1512.1097946166992,0,0.0,20,265.4411888122558,90,647.9999828338623,100160.91473519802
2010-10-27,92249.072650671,0,0.0,0,0.0,0,0.0,0,0.0,0,0.0,0,0.0,750,1039.0689074993134,750,473.18248450756073,0,0.0,0,0.0,0,0.0,0,0.0,70,627.8219127655029,90,3304.516181945801,0,0.0,90,1497.509994506836,0,0.0,20,267.4279975891113,90,661.4999914169312,100120.10012090206
2010-10-28,92269.19023990631,0,0.0,0,0.0,0,0.0,0,0.0,0,0.0,0,0.0,740,1019.578607082367,740,469.12299633026123,0,0.0,0,0.0,0,0.0,0,0.0,70,627.2779083251953,90,3332.1924591064453,0,0.0,90,1498.989200592041,0,0.0,20,271.13683700561523,90,686.7000102996826,100174.18825864792
2010-10-29,92193.17522525787,0,0.0,0,0.0,0,0.0,0,0.0,0,0.0,0,0.0,740,1019.578607082367,740,469.12299633026123,0,0.0,0,0.0,0,0.0,0,0.0,70,622.9257392883301,80,2974.0255737304688,10,447.7682113647461,90,1505.0876426696777,0,0.0,20,265.573673248291,90,660.6000137329102,100157.85768270493
2010-11-01,92125.96613407135,0,0.0,0,0.0,0,0.0,0,0.0,0,0.0,0,0.0,740,1034.155056476593,740,461.11621737480164,0,0.0,0,0.0,0,0.0,0,0.0,70,625.6456279754639,70,2620.275192260742,20,883.0682373046875,90,1498.8038063049316,0,0.0,20,272.4613380432129,90,662.4000120162964,100183.89162182808
2010-11-02,91892.06970691681,0,0.0,0,0.0,0,0.0,0,0.0,0,0.0,0,0.0,740,1029.407684803009,740,460.77579617500305,0,0.0,0,0.0,0,0.0,0,0.0,70,620.2053833007812,60,2275.806427001953,30,1335.9871673583984,100,1678.684425354004,0,0.0,20,269.41490173339844,90,678.5999965667725,100240.95148921013
2010-11-03,91744.31039988995,0,0.0,0,0.0,0,0.0,0,0.0,0,0.0,0,0.0,730,1024.6332919597626,730,455.3302127122879,0,0.0,0,0.0,0,0.0,0,0.0,70,626.7337036132812,60,2280.1693725585938,30,1344.931297302246,110,1848.3605766296387,0,0.0,20,273.3928871154785,90,687.5999879837036,100285.46172976494
2010-11-04,91650.03606975079,0,0.0,0,0.0,0,0.0,0,0.0,0,0.0,0,0.0,730,1031.291927099228,730,453.2205194234848,0,0.0,0,0.0,0,0.0,0,0.0,80,754.1946411132812,60,2327.4694061279297,30,1384.6116256713867,110,1884.0496063232422,0,0.0,20,279.934139251709,90,720.0,100484.80793476105
2010-11-05,91574.34619128704,0,0.0,0,0.0,0,0.0,0,0.0,0,0.0,0,0.0,720,1024.4152736663818,720,442.36802101135254,0,0.0,0,0.0,0,0.0,0,0.0,90,864.5568180084229,60,2348.2678985595703,30,1382.0095825195312,110,1899.8597145080566,0,0.0,20,283.5383415222168,90,723.5999965667725,100542.96183764935
2010-11-08,91594.59117591381,0,0.0,0,0.0,0,0.0,0,0.0,0,0.0,0,0.0,710,999.3807125091553,710,438.0131959915161,0,0.0,0,0.0,0,0.0,0,0.0,90,881.3443565368652,60,2359.0029144287105,30,1379.0828704833984,110,1888.5665702819824,0,0.0,20,283.4050559997558,90,732.6000308990479,100555.98688304424
2010-11-09,91559.0804886818,0,0.0,0,0.0,0,0.0,0,0.0,0,0.0,0,0.0,700,970.8737730979918,700,434.34301018714905,0,0.0,0,0.0,0,0.0,0,0.0,90,858.2616519927979,50,1986.9354248046875,40,1811.8891906738281,110,1879.305419921875,0,0.0,20,282.4704360961914,90,711.8999862670898,100495.0593817234
2010-11-10,91579.10250663757,0,0.0,0,0.0,0,0.0,0,0.0,0,0.0,0,0.0,690,950.269238948822,690,431.25,0,0.0,0,0.0,0,0.0,0,0.0,90,879.2459678649902,50,2001.0005950927734,40,1846.8002319335935,110,1894.6648597717285,0,0.0,20,280.8686065673828,90,697.5,100560.70200681686
2010-11-11,91664.34969425201,0,0.0,0,0.0,0,0.0,0,0.0,0,0.0,0,0.0,680,936.742353439331,680,421.77680015563965,0,0.0,0,0.0,0,0.0,0,0.0,90,865.2564239501952,50,2020.6924438476562,40,1866.7486572265625,110,1889.9217224121094,0,0.0,10,141.56896591186523,100,763.0000114440918,100570.05707263947
2010-11-12,91751.58456385136,0,0.0,0,0.0,0,0.0,0,0.0,0,0.0,0,0.0,670,912.6075625419617,670,416.0029834508896,0,0.0,0,0.0,0,0.0,0,0.0,90,847.769193649292,50,1997.0623016357426,40,1852.6539611816406,110,1866.204776763916,0,0.0,0,0.0,110,839.300012588501,100483.1853556633
2010-11-15,91771.4777547121,0,0.0,0,0.0,0,0.0,0,0.0,0,0.0,0,0.0,660,903.750593662262,660,409.20000314712524,0,0.0,0,0.0,0,0.0,0,0.0,90,846.3704967498779,50,1982.7144622802734,40,1840.0776672363281,110,1847.6826858520508,0,0.0,0,0.0,110,832.7000188827515,100433.97368252277
2010-11-16,91791.28573834896,0,0.0,0,0.0,0,0.0,0,0.0,0,0.0,0,0.0,650,882.3609471321106,650,405.15798926353455,0,0.0,0,0.0,0,0.0,0,0.0,90,835.1789474487305,50,1939.3928527832031,40,1803.7757873535156,110,1818.5442924499512,0,0.0,0,0.0,110,817.2999811172485,100292.99653589725
2010-11-17,91811.07068181038,0,0.0,0,0.0,0,0.0,0,0.0,0,0.0,0,0.0,640,863.394775390625,640,402.8416061401367,0,0.0,0,0.0,0,0.0,0,0.0,90,812.7956771850586,50,1941.3610458374023,40,1803.3380126953125,110,1838.4219551086426,0,0.0,0,0.0,110,806.299991607666,100279.52374577522
2010-11-18,91830.90567409992,0,0.0,0,0.0,0,0.0,0,0.0,0,0.0,0,0.0,630,853.9015281200409,630,395.7029861211777,0,0.0,0,0.0,0,0.0,0,0.0,90,818.3908939361572,50,1977.9321670532227,40,1833.0801391601562,110,1862.8170013427734,0,0.0,0,0.0,110,808.4999895095825,100381.23037934303
2010-11-19,91850.79275906086,0,0.0,0,0.0,0,0.0,0,0.0,0,0.0,0,0.0,620,846.7516684532166,620,386.24759912490845,0,0.0,0,0.0,0,0.0,0,0.0,90,815.5935001373292,50,1984.4036102294917,40,1835.7044982910156,110,1938.2592582702637,0,0.0,0,0.0,110,821.6999769210815,100479.45287048817
2010-11-22,91870.78544080257,0,0.0,0,0.0,0,0.0,0,0.0,0,0.0,0,0.0,610,838.4072816371918,610,381.14630460739136,0,0.0,0,0.0,0,0.0,0,0.0,90,790.4118919372559,50,1974.556541442871,40,1824.9884033203125,110,1940.7446479797363,0,0.0,0,0.0,110,815.099983215332,100436.14049494267
2010-11-23,91780.77266156673,0,0.0,0,0.0,0,0.0,0,0.0,0,0.0,0,0.0,610,829.7175204753876,610,382.5248861312866,0,0.0,0,0.0,0,0.0,0,0.0,90,775.7229137420654,50,1940.5174255371094,40,1787.8106689453125,100,1750.760269165039,10,265.08880615234375,0,0.0,110,805.2000188827515,100318.11517059803
2010-11-24,91800.48610389233,0,0.0,0,0.0,0,0.0,0,0.0,0,0.0,0,0.0,600,803.1805515289307,600,379.6259880065918,0,0.0,0,0.0,0,0.0,0,0.0,90,789.0132808685303,50,1965.8357620239253,40,1813.6160278320312,100,1776.8386840820312,10,268.41283798217773,0,0.0,110,838.199987411499,100435.20922362804
2010-11-26,91820.17114043236,0,0.0,0,0.0,0,0.0,0,0.0,0,0.0,0,0.0,590,787.0444512367249,590,374.3727046251297,0,0.0,0,0.0,0,0.0,0,0.0,90,777.8215599060059,50,1947.5507736206055,40,1794.3710327148438,100,1765.1348114013672,10,268.74521255493164,0,0.0,110,830.500020980835,100365.7117074728
2010-11-29,91839.82346057892,0,0.0,0,0.0,0,0.0,0,0.0,0,0.0,0,0.0,580,767.8051567077637,580,372.0294117927551,0,0.0,0,0.0,0,0.0,0,0.0,90,791.1114978790283,50,1953.7399291992188,40,1786.4985656738281,100,1748.7075805664062,10,265.4212188720703,0,0.0,110,811.800012588501,100336.93683385849
2010-11-30,91723.87988090515,0,0.0,0,0.0,0,0.0,0,0.0,0,0.0,0,0.0,570,746.9238603115082,570,366.41310811042786,0,0.0,0,0.0,0,0.0,0,0.0,90,765.9304046630859,40,1565.4667663574219,50,2213.440704345703,90,1591.7632484436035,20,522.0338821411133,0,0.0,110,801.899995803833,100297.75185108185
2010-12-01,91743.29535543919,0,0.0,0,0.0,0,0.0,0,0.0,0,0.0,0,0.0,560,727.5561714172363,560,359.7104024887085,0,0.0,0,0.0,0,0.0,0,0.0,90,790.4342937469482,40,1605.3010559082031,50,2260.733413696289,90,1619.6693801879883,20,548.6257553100586,0,0.0,110,826.100025177002,100481.42585337162
2010-12-02,91762.82626509666,0,0.0,0,0.0,0,0.0,0,0.0,0,0.0,0,0.0,550,721.8700170516967,550,352.3300141096115,0,0.0,0,0.0,0,0.0,0,0.0,90,817.7391815185548,40,1608.677978515625,50,2309.9382400512695,90,1628.9418411254883,20,548.459587097168,0,0.0,110,829.399995803833,100580.18312036991
2010-12-03,91782.45624065399,0,0.0,0,0.0,0,0.0,0,0.0,0,0.0,0,0.0,540,713.662691116333,540,346.3559889793396,0,0.0,0,0.0,0,0.0,0,0.0,90,830.3414440155029,40,1602.1513366699219,50,2320.599937438965,90,1623.379154205322,20,549.7892379760742,0,0.0,110,841.5000104904175,100610.23604154587
2010-12-06,91802.21421599388,0,0.0,0,0.0,0,0.0,0,0.0,0,0.0,0,0.0,530,711.0467052459717,530,336.1259877681732,0,0.0,0,0.0,0,0.0,0,0.0,90,814.9392127990723,40,1604.85107421875,50,2322.2400665283203,90,1627.0870399475098,20,540.149574279785,0,0.0,110,860.2000188827515,100618.85389566422
2010-12-07,91891.63929700851,0,0.0,0,0.0,0,0.0,0,0.0,0,0.0,0,0.0,520,690.9197568893433,520,331.0268020629883,0,0.0,0,0.0,0,0.0,0,0.0,90,810.0378513336182,50,2010.2832794189453,40,1887.315673828125,90,1617.0724868774414,20,551.7836380004884,0,0.0,110,882.2000503540039,100672.27883577347
2010-12-08,91911.23187839985,0,0.0,0,0.0,0,0.0,0,0.0,0,0.0,0,0.0,510,675.4787492752075,510,323.7429016828537,0,0.0,0,0.0,0,0.0,0,0.0,90,840.1432228088379,50,2021.2553024291992,40,1883.8163757324219,90,1619.483299255371,20,548.459587097168,0,0.0,110,898.700008392334,100722.31132507324
2010-12-09,91930.81320285797,0,0.0,0,0.0,0,0.0,0,0.0,0,0.0,0,0.0,500,662.5412106513977,500,316.52501225471497,0,0.0,0,0.0,0,0.0,0,0.0,90,885.6504821777344,50,2025.4749298095703,40,1894.9700927734375,90,1622.2654151916504,20,560.0936508178711,0,0.0,110,874.499979019165,100772.83397555351
2010-12-10,91950.39435446262,0,0.0,0,0.0,0,0.0,0,0.0,0,0.0,0,0.0,490,648.8605284690857,490,310.61590015888214,0,0.0,0,0.0,0,0.0,0,0.0,90,896.1522960662842,50,2030.5391311645508,40,1903.2801818847656,90,1628.385829925537,20,555.938606262207,0,0.0,110,887.6999664306641,100811.8667948246
2010-12-13,91984.74218845367,0,0.0,0,0.0,0,0.0,0,0.0,0,0.0,0,0.0,480,633.4626388549805,480,303.8160037994385,0,0.0,0,0.0,0,0.0,0,0.0,90,877.9494953155518,60,2442.722625732422,30,1449.4386291503906,90,1654.907169342041,20,564.2486572265625,10,143.50457191467282,100,822.9999542236328,100877.79193401337
2010-12-14,92081.5352010727,0,0.0,0,0.0,0,0.0,0,0.0,0,0.0,0,0.0,470,629.5879483222961,470,296.30679845809937,0,0.0,0,0.0,0,0.0,0,0.0,90,868.1478881835939,70,2842.754783630371,20,966.4019012451172,90,1655.834140777588,20,566.7416381835938,10,143.30439567565918,100,805.0000190734863,100855.6147146225
2010-12-15,92101.23974740505,0,0.0,0,0.0,0,0.0,0,0.0,0,0.0,0,0.0,460,614.6035242080688,460,291.8056070804596,0,0.0,0,0.0,0,0.0,0,0.0,90,860.4464721679689,70,2829.757423400879,20,962.3558807373047,90,1642.8520774841309,20,553.4455871582031,10,142.03624725341797,100,802.0000457763672,100800.54261267185
2010-12-16,92120.89016139507,0,0.0,0,0.0,0,0.0,0,0.0,0,0.0,0,0.0,450,595.0806319713593,450,289.1879975795746,0,0.0,0,0.0,0,0.0,0,0.0,90,876.5492534637451,70,2844.3289184570312,20,973.8377380371094,90,1654.907169342041,20,555.6062316894531,10,142.1696662902832,100,802.9999732971191,100855.55774152279
2010-12-17,92140.52690923214,0,0.0,0,0.0,0,0.0,0,0.0,0,0.0,0,0.0,440,582.557692527771,440,281.4592123031616,0,0.0,0,0.0,0,0.0,0,0.0,90,880.0496864318848,70,2842.3601150512695,20,967.6046752929688,90,1670.116024017334,20,554.7751998901367,10,143.2376003265381,100,810.0000381469727,100872.68715322018
2010-12-20,92100.83557486534,0,0.0,0,0.0,0,0.0,0,0.0,0,0.0,0,0.0,430,566.094824075699,430,277.18660056591034,0,0.0,0,0.0,0,0.0,0,0.0,90,883.5502052307129,70,2844.3289184570312,20,970.9943389892578,90,1674.195556640625,20,560.0936508178711,20,283.4050559997558,90,741.5999794006348,100902.28470504284
2010-12-21,92120.40179729462,0,0.0,0,0.0,0,0.0,0,0.0,0,0.0,0,0.0,420,550.9569525718689,420,270.82438945770264,0,0.0,0,0.0,0,0.0,0,0.0,90,908.7548160552979,70,2864.0214920043945,20,975.6964874267578,90,1711.8451881408691,20,558.7639999389647,20,281.6694641113281,90,732.6000308990479,100975.53461790085
2010-12-22,92139.95763063431,0,0.0,0,0.0,0,0.0,0,0.0,0,0.0,0,0.0,410,536.6913747787476,410,265.0977921485901,0,0.0,0,0.0,0,0.0,0,0.0,90,936.7591381072999,70,2867.172966003418,20,983.2411193847656,90,1612.62113571167,20,550.7864379882812,20,278.8661766052246,90,729.8999691009521,100901.09374046326
2010-12-23,92159.56487238407,0,0.0,0,0.0,0,0.0,0,0.0,0,0.0,0,0.0,400,524.6176719665527,400,259.6719980239868,0,0.0,0,0.0,0,0.0,0,0.0,90,914.3556118011475,70,2882.9263305664062,20,991.5513610839844,90,1595.9299850463867,20,549.2905807495116,20,278.1986808776855,90,723.5999965667725,100879.7070890665
2010-12-27,92179.13233220577,0,0.0,0,0.0,0,0.0,0,0.0,0,0.0,0,0.0,390,510.1106429100038,390,253.02029013633728,0,0.0,0,0.0,0,0.0,0,0.0,90,929.0580654144287,70,2875.443649291992,20,985.4280090332032,90,1591.8489074707031,20,539.4847869873046,20,278.1986808776855,90,724.5000171661377,100866.22538149357
2010-12-28,92198.79778683186,0,0.0,0,0.0,0,0.0,0,0.0,0,0.0,0,0.0,380,501.20686531066895,380,246.08041048049927,0,0.0,0,0.0,0,0.0,0,0.0,90,933.958740234375,70,2891.5908813476562,20,997.1282196044922,90,1601.1225700378418,20,538.6538314819336,20,278.73268127441406,90,728.1000137329102,100915.37200033665
2010-12-29,92218.39625239372,0,0.0,0,0.0,0,0.0,0,0.0,0,0.0,0,0.0,370,484.1918170452118,370,240.95140874385834,0,0.0,0,0.0,0,0.0,0,0.0,90,931.858720779419,70,2889.621810913086,20,999.0962982177734,90,1581.4628791809082,20,546.9638824462891,20,279.5336151123047,90,727.1999931335449,100899.27667796612
2010-12-30,92238.0715918541,0,0.0,0,0.0,0,0.0,0,0.0,0,0.0,0,0.0,360,476.0834312438965,360,232.2287893295288,0,0.0,0,0.0,0,0.0,0,0.0,90,929.758014678955,70,2889.22794342041,20,1001.6114807128906,90,1590.5504608154297,20,541.8115615844727,20,280.60169219970703,90,732.6000308990479,100912.54499673843
